video_path,action_orientation,video_dirname,video_basename,frame_rate,duration_secs,frame_count,split
/data/i5O/i5OData/undercover-left/videos/20220516/131009.mp4,left,20220516,131009,10.0,60.0,600,Test
/data/i5O/i5OData/undercover-left/videos/20220516/132052.mp4,left,20220516,132052,10.0,60.0,600,Validation
/data/i5O/i5OData/undercover-left/videos/20220516/132513.mp4,left,20220516,132513,10.0,60.0,600,Validation
/data/i5O/i5OData/undercover-left/videos/20220516/112059.mp4,left,20220516,112059,10.0,60.0,600,Validation
/data/i5O/i5OData/undercover-left/videos/20220516/095913.mp4,left,20220516,095913,10.0,60.0,600,Validation
/data/i5O/i5OData/undercover-left/videos/20220516/125345.mp4,left,20220516,125345,10.0,60.0,600,Test
/data/i5O/i5OData/undercover-left/videos/20220516/091945.mp4,left,20220516,091945,10.0,60.0,600,Validation
/data/i5O/i5OData/undercover-left/videos/20220516/172239.mp4,left,20220516,172239,10.0,60.0,600,Validation
/data/i5O/i5OData/undercover-left/videos/20220516/091836.mp4,left,20220516,091836,10.0,60.0,600,Validation_unlabel
/data/i5O/i5OData/undercover-left/videos/20220516/075508.mp4,left,20220516,075508,10.0,60.0,600,Validation_unlabel
/data/i5O/i5OData/undercover-left/videos/20220413/201348.mp4,left,20220413,201348,20.0,60.0,1200,Test
/data/i5O/i5OData/undercover-left/videos/20220413/192904.mp4,left,20220413,192904,20.0,60.0,1200,Validation
/data/i5O/i5OData/undercover-left/videos/20220413/202031.mp4,left,20220413,202031,20.0,60.0,1200,Validation
/data/i5O/i5OData/undercover-left/videos/20220413/194804.mp4,left,20220413,194804,20.0,60.0,1200,Validation
/data/i5O/i5OData/undercover-left/videos/20220413/202245.mp4,left,20220413,202245,20.0,60.0,1200,Validation
/data/i5O/i5OData/undercover-left/videos/20220413/184846.mp4,left,20220413,184846,20.0,60.0,1200,Test
/data/i5O/i5OData/undercover-left/videos/20220413/202714.mp4,left,20220413,202714,20.0,60.0,1200,Validation
/data/i5O/i5OData/undercover-left/videos/20220413/185314.mp4,left,20220413,185314,20.0,60.0,1200,Validation
/data/i5O/i5OData/undercover-left/videos/20220413/201924.mp4,left,20220413,201924,20.0,60.0,1200,Validation_unlabel
/data/i5O/i5OData/undercover-left/videos/20220413/182837.mp4,left,20220413,182837,20.0,60.0,1200,Validation_unlabel
/data/i5O/i5OData/undercover-left/videos/20220413/174243.mp4,left,20220413,174243,20.0,60.0,1200,Test
/data/i5O/i5OData/undercover-left/videos/20220413/180614.mp4,left,20220413,180614,20.0,60.0,1200,Validation
/data/i5O/i5OData/undercover-left/videos/20220413/173024.mp4,left,20220413,173024,20.0,60.0,1200,Validation
/data/i5O/i5OData/undercover-left/videos/20220413/140812.mp4,left,20220413,140812,20.0,60.0,1200,Validation
/data/i5O/i5OData/undercover-left/videos/20220413/144609.mp4,left,20220413,144609,20.0,60.0,1200,Validation
/data/i5O/i5OData/undercover-left/videos/20220413/131439.mp4,left,20220413,131439,20.0,60.0,1200,Test
/data/i5O/i5OData/undercover-left/videos/20220413/110044.mp4,left,20220413,110044,20.0,60.0,1200,Validation
/data/i5O/i5OData/undercover-left/videos/20220413/151043.mp4,left,20220413,151043,20.0,60.0,1200,Validation
/data/i5O/i5OData/undercover-left/videos/20220413/131546.mp4,left,20220413,131546,20.0,60.0,1200,Validation_unlabel
/data/i5O/i5OData/undercover-left/videos/20220413/123749.mp4,left,20220413,123749,20.0,60.0,1200,Validation_unlabel
/data/i5O/i5OData/undercover-left/videos/20220413/092656.mp4,left,20220413,092656,20.0,60.0,1200,Test
/data/i5O/i5OData/undercover-left/videos/20220413/144930.mp4,left,20220413,144930,20.0,60.0,1200,Validation
/data/i5O/i5OData/undercover-left/videos/20220413/124431.mp4,left,20220413,124431,20.0,60.0,1200,Validation
/data/i5O/i5OData/undercover-left/videos/20220413/144502.mp4,left,20220413,144502,20.0,60.0,1200,Validation
/data/i5O/i5OData/undercover-left/videos/20220413/101925.mp4,left,20220413,101925,20.0,60.0,1200,Validation
/data/i5O/i5OData/undercover-left/videos/20220413/104720.mp4,left,20220413,104720,20.0,60.0,1200,Test
/data/i5O/i5OData/undercover-left/videos/20220413/102928.mp4,left,20220413,102928,20.0,60.0,1200,Validation
/data/i5O/i5OData/undercover-left/videos/20220413/122105.mp4,left,20220413,122105,20.0,60.0,1200,Validation
/data/i5O/i5OData/undercover-left/videos/20220413/094702.mp4,left,20220413,094702,20.0,60.0,1200,Validation_unlabel
/data/i5O/i5OData/undercover-left/videos/20220413/091652.mp4,left,20220413,091652,20.0,60.0,1200,Validation_unlabel
/data/i5O/i5OData/undercover-left/videos/20220413/072342.mp4,left,20220413,072342,20.0,60.0,1200,Test
/data/i5O/i5OData/undercover-left/videos/20220413/083635.mp4,left,20220413,083635,20.0,60.0,1200,Validation
/data/i5O/i5OData/undercover-left/videos/20220413/071658.mp4,left,20220413,071658,20.0,60.0,1200,Validation
/data/i5O/i5OData/undercover-left/videos/20220413/085216.mp4,left,20220413,085216,20.0,60.0,1200,Validation
/data/i5O/i5OData/undercover-left/videos/20220413/074502.mp4,left,20220413,074502,20.0,60.0,1200,Validation
/data/i5O/i5OData/undercover-left/videos/20220413/234033.mp4,left,20220413,234033,20.0,60.0,1200,Test
/data/i5O/i5OData/undercover-left/videos/20220413/233926.mp4,left,20220413,233926,20.0,60.0,1200,Validation
/data/i5O/i5OData/undercover-left/videos/20220413/222435.mp4,left,20220413,222435,20.0,60.0,1200,Validation
/data/i5O/i5OData/undercover-left/videos/20220413/222007.mp4,left,20220413,222007,20.0,60.0,1200,Validation_unlabel
/data/i5O/i5OData/undercover-left/videos/20220413/221753.mp4,left,20220413,221753,20.0,60.0,1200,Validation_unlabel
/data/i5O/i5OData/undercover-left/videos/20220413/223907.mp4,left,20220413,223907,20.0,60.0,1200,Test
/data/i5O/i5OData/undercover-left/videos/20220413/205042.mp4,left,20220413,205042,20.0,60.0,1200,Validation
/data/i5O/i5OData/undercover-left/videos/20220413/222114.mp4,left,20220413,222114,20.0,60.0,1200,Validation
/data/i5O/i5OData/undercover-left/videos/20220413/204935.mp4,left,20220413,204935,20.0,60.0,1200,Validation
/data/i5O/i5OData/undercover-left/videos/20220413/220322.mp4,left,20220413,220322,20.0,60.0,1200,Validation
/data/i5O/i5OData/undercover-left/videos/20220415/073910.mp4,left,20220415,073910,20.0,60.0,1200,Test
/data/i5O/i5OData/undercover-left/videos/20220415/064832.mp4,left,20220415,064832,20.0,60.0,1200,Validation
/data/i5O/i5OData/undercover-left/videos/20220415/064510.mp4,left,20220415,064510,20.0,60.0,1200,Validation
/data/i5O/i5OData/undercover-left/videos/20220415/073116.mp4,left,20220415,073116,20.0,60.0,1200,Validation
/data/i5O/i5OData/undercover-left/videos/20220415/202300.mp4,left,20220415,202300,20.0,60.0,1200,Validation
/data/i5O/i5OData/undercover-left/videos/20220415/230528.mp4,left,20220415,230528,20.0,60.0,1200,Test
/data/i5O/i5OData/undercover-left/videos/20220415/215507.mp4,left,20220415,215507,20.0,60.0,1200,Validation
/data/i5O/i5OData/undercover-left/videos/20220415/194628.mp4,left,20220415,194628,20.0,60.0,1200,Validation
/data/i5O/i5OData/undercover-left/videos/20220415/194302.mp4,left,20220415,194302,20.0,60.0,1200,Validation
/data/i5O/i5OData/undercover-left/videos/20220415/205129.mp4,left,20220415,205129,20.0,60.0,1200,Validation
/data/i5O/i5OData/undercover-left/videos/20220415/185447.mp4,left,20220415,185447,20.0,60.0,1200,Test
/data/i5O/i5OData/undercover-left/videos/20220415/204656.mp4,left,20220415,204656,20.0,60.0,1200,Validation
/data/i5O/i5OData/undercover-left/videos/20220415/183734.mp4,left,20220415,183734,20.0,60.0,1200,Validation
/data/i5O/i5OData/undercover-left/videos/20220415/191749.mp4,left,20220415,191749,20.0,60.0,1200,Validation_unlabel
/data/i5O/i5OData/undercover-left/videos/20220415/181001.mp4,left,20220415,181001,20.0,60.0,1200,Validation_unlabel
/data/i5O/i5OData/undercover-left/videos/20220415/185556.mp4,left,20220415,185556,20.0,60.0,1200,Test
/data/i5O/i5OData/undercover-left/videos/20220415/193025.mp4,left,20220415,193025,20.0,60.0,1200,Validation
/data/i5O/i5OData/undercover-left/videos/20220415/193500.mp4,left,20220415,193500,20.0,60.0,1200,Validation
/data/i5O/i5OData/undercover-left/videos/20220415/180158.mp4,left,20220415,180158,20.0,60.0,1200,Validation
/data/i5O/i5OData/undercover-left/videos/20220415/185121.mp4,left,20220415,185121,20.0,60.0,1200,Validation
/data/i5O/i5OData/undercover-left/videos/20220415/175139.mp4,left,20220415,175139,20.0,60.0,1200,Test
/data/i5O/i5OData/undercover-left/videos/20220415/112117.mp4,left,20220415,112117,20.0,60.0,1200,Validation
/data/i5O/i5OData/undercover-left/videos/20220415/171451.mp4,left,20220415,171451,20.0,60.0,1200,Validation
/data/i5O/i5OData/undercover-left/videos/20220415/182128.mp4,left,20220415,182128,20.0,60.0,1200,Validation_unlabel
/data/i5O/i5OData/undercover-left/videos/20220415/171927.mp4,left,20220415,171927,20.0,60.0,1200,Validation_unlabel
/data/i5O/i5OData/undercover-left/videos/20220415/170906.mp4,left,20220415,170906,20.0,60.0,1200,Test
/data/i5O/i5OData/undercover-left/videos/20220415/123412.mp4,left,20220415,123412,20.0,60.0,1200,Validation
/data/i5O/i5OData/undercover-left/videos/20220415/131009.mp4,left,20220415,131009,20.0,60.0,1200,Validation
/data/i5O/i5OData/undercover-left/videos/20220415/144301.mp4,left,20220415,144301,20.0,60.0,1200,Validation
/data/i5O/i5OData/undercover-left/videos/20220415/110949.mp4,left,20220415,110949,20.0,60.0,1200,Validation
/data/i5O/i5OData/undercover-left/videos/20220415/103102.mp4,left,20220415,103102,20.0,60.0,1200,Test
/data/i5O/i5OData/undercover-left/videos/20220415/105933.mp4,left,20220415,105933,20.0,60.0,1200,Validation
/data/i5O/i5OData/undercover-left/videos/20220415/105025.mp4,left,20220415,105025,20.0,60.0,1200,Validation
/data/i5O/i5OData/undercover-left/videos/20220415/084541.mp4,left,20220415,084541,20.0,60.0,1200,Validation_unlabel
/data/i5O/i5OData/undercover-left/videos/20220415/100454.mp4,left,20220415,100454,20.0,60.0,1200,Validation_unlabel
/data/i5O/i5OData/undercover-left/videos/20220415/075349.mp4,left,20220415,075349,20.0,60.0,1200,Test
/data/i5O/i5OData/undercover-left/videos/20220415/082415.mp4,left,20220415,082415,20.0,60.0,1200,Validation
/data/i5O/i5OData/undercover-left/videos/20220415/074556.mp4,left,20220415,074556,20.0,60.0,1200,Validation
/data/i5O/i5OData/undercover-left/videos/20220415/094426.mp4,left,20220415,094426,20.0,60.0,1200,Validation
/data/i5O/i5OData/undercover-left/videos/20220415/072431.mp4,left,20220415,072431,20.0,60.0,1200,Validation
/data/i5O/i5OData/undercover-left/videos/20220414/141252.mp4,left,20220414,141252,20.0,60.0,1200,Test
/data/i5O/i5OData/undercover-left/videos/20220414/133129.mp4,left,20220414,133129,20.0,60.0,1200,Validation
/data/i5O/i5OData/undercover-left/videos/20220414/151423.mp4,left,20220414,151423,20.0,60.0,1200,Validation
/data/i5O/i5OData/undercover-left/videos/20220414/112123.mp4,left,20220414,112123,20.0,60.0,1200,Validation_unlabel
/data/i5O/i5OData/undercover-left/videos/20220414/230448.mp4,left,20220414,230448,20.0,60.0,1200,Validation_unlabel
/data/i5O/i5OData/undercover-left/videos/20220414/112015.mp4,left,20220414,112015,20.0,60.0,1200,Test
/data/i5O/i5OData/undercover-left/videos/20220414/072638.mp4,left,20220414,072638,20.0,60.0,1200,Validation
/data/i5O/i5OData/undercover-left/videos/20220414/122520.mp4,left,20220414,122520,20.0,60.0,1200,Validation
/data/i5O/i5OData/undercover-left/videos/20220414/101617.mp4,left,20220414,101617,20.0,60.0,1200,Validation
/data/i5O/i5OData/undercover-left/videos/20220414/081926.mp4,left,20220414,081926,20.0,60.0,1200,Validation
/data/i5O/i5OData/undercover-left/videos/20220414/132339.mp4,left,20220414,132339,20.0,60.0,1200,Test
/data/i5O/i5OData/undercover-left/videos/20220414/080705.mp4,left,20220414,080705,20.0,60.0,1200,Validation
/data/i5O/i5OData/undercover-left/videos/20220414/070303.mp4,left,20220414,070303,20.0,60.0,1200,Validation
/data/i5O/i5OData/undercover-left/videos/20220414/070156.mp4,left,20220414,070156,20.0,60.0,1200,Validation_unlabel
/data/i5O/i5OData/undercover-left/videos/20220414/075912.mp4,left,20220414,075912,20.0,60.0,1200,Validation_unlabel
/data/i5O/i5OData/undercover-left/videos/20220414/191740.mp4,left,20220414,191740,20.0,60.0,1200,Test
/data/i5O/i5OData/undercover-left/videos/20220414/110433.mp4,left,20220414,110433,20.0,60.0,1200,Validation
/data/i5O/i5OData/undercover-left/videos/20220414/104958.mp4,left,20220414,104958,20.0,60.0,1200,Validation
/data/i5O/i5OData/undercover-left/videos/20220414/203917.mp4,left,20220414,203917,20.0,60.0,1200,Validation
/data/i5O/i5OData/undercover-left/videos/20220414/201440.mp4,left,20220414,201440,20.0,60.0,1200,Validation
/data/i5O/i5OData/undercover-left/videos/20220414/215314.mp4,left,20220414,215314,20.0,60.0,1200,Test
/data/i5O/i5OData/undercover-left/videos/20220414/193212.mp4,left,20220414,193212,20.0,60.0,1200,Validation
/data/i5O/i5OData/undercover-left/videos/20220414/201909.mp4,left,20220414,201909,20.0,60.0,1200,Validation
/data/i5O/i5OData/undercover-left/videos/20220414/192637.mp4,left,20220414,192637,20.0,60.0,1200,Validation
/data/i5O/i5OData/undercover-left/videos/20220414/195112.mp4,left,20220414,195112,20.0,60.0,1200,Validation
/data/i5O/i5OData/undercover-left/videos/20220414/193319.mp4,left,20220414,193319,20.0,60.0,1200,Test
/data/i5O/i5OData/undercover-left/videos/20220414/232817.mp4,left,20220414,232817,20.0,60.0,1200,Validation
/data/i5O/i5OData/undercover-left/videos/20220414/221749.mp4,left,20220414,221749,20.0,60.0,1200,Validation
/data/i5O/i5OData/undercover-left/videos/20220414/200905.mp4,left,20220414,200905,20.0,60.0,1200,Validation
/data/i5O/i5OData/undercover-left/videos/20220414/174246.mp4,left,20220414,174246,20.0,60.0,1200,Validation
/data/i5O/i5OData/undercover-left/videos/20220414/214952.mp4,left,20220414,214952,20.0,60.0,1200,Test
/data/i5O/i5OData/undercover-left/videos/20220414/220103.mp4,left,20220414,220103,20.0,60.0,1200,Validation
/data/i5O/i5OData/undercover-left/videos/20220414/225551.mp4,left,20220414,225551,20.0,60.0,1200,Validation
/data/i5O/i5OData/undercover-left/videos/20220414/224909.mp4,left,20220414,224909,20.0,60.0,1200,Validation_unlabel
/data/i5O/i5OData/undercover-left/videos/20220414/133558.mp4,left,20220414,133558,20.0,60.0,1200,Validation_unlabel
/data/i5O/i5OData/undercover-left/videos/20220414/145736.mp4,left,20220414,145736,20.0,60.0,1200,Test
/data/i5O/i5OData/undercover-left/videos/20220414/142150.mp4,left,20220414,142150,20.0,60.0,1200,Validation
/data/i5O/i5OData/undercover-left/videos/20220414/141935.mp4,left,20220414,141935,20.0,60.0,1200,Validation
/data/i5O/i5OData/undercover-left/videos/20230403/081652.mp4,left,20230403,081652,24.85,60.0,1491,Validation
/data/i5O/i5OData/undercover-left/videos/20230403/164502.mp4,left,20230403,164502,22.73,60.0,1364,Validation
/data/i5O/i5OData/undercover-left/videos/20230403/065651.mp4,left,20230403,065651,25.35,60.0,1521,Test
/data/i5O/i5OData/undercover-left/videos/20230403/132859.mp4,left,20230403,132859,24.77,60.0,1486,Validation
/data/i5O/i5OData/undercover-left/videos/20230403/101455.mp4,left,20230403,101455,25.57,60.0,1534,Validation
/data/i5O/i5OData/undercover-left/videos/20220912/091714.mp4,left,20220912,091714,10.81,111.01,1200,Validation_unlabel
/data/i5O/i5OData/undercover-left/videos/20220912/140807.mp4,left,20220912,140807,12.77,94.0,1200,Validation_unlabel
/data/i5O/i5OData/undercover-left/videos/20220912/153701.mp4,left,20220912,153701,11.88,101.0,1200,Test
/data/i5O/i5OData/undercover-left/videos/20220912/170743.mp4,left,20220912,170743,12.5,96.0,1200,Validation
/data/i5O/i5OData/undercover-left/videos/20220912/165020.mp4,left,20220912,165020,8.63,139.0,1200,Validation
/data/i5O/i5OData/undercover-left/videos/20220912/175810.mp4,left,20220912,175810,13.95,86.0,1200,Validation
/data/i5O/i5OData/undercover-left/videos/20220912/092409.mp4,left,20220912,092409,10.0,120.0,1200,Validation
/data/i5O/i5OData/undercover-left/videos/20220912/124226.mp4,left,20220912,124226,10.71,112.0,1200,Test
/data/i5O/i5OData/undercover-left/videos/20220912/150813.mp4,left,20220912,150813,9.3,129.0,1200,Validation
/data/i5O/i5OData/undercover-left/videos/20220912/171407.mp4,left,20220912,171407,12.24,98.0,1200,Validation
/data/i5O/i5OData/undercover-left/videos/20220912/175450.mp4,left,20220912,175450,11.01,108.99,1200,Validation_unlabel
/data/i5O/i5OData/undercover-left/videos/20230328/070031.mp4,left,20230328,070031,28.4,60.0,1704,Validation_unlabel
/data/i5O/i5OData/undercover-left/videos/20230328/111936.mp4,left,20230328,111936,28.43,60.0,1706,Test
/data/i5O/i5OData/undercover-left/videos/20230328/000725.mp4,left,20230328,000725,27.08,60.0,1625,Validation
/data/i5O/i5OData/undercover-left/videos/20230328/081432.mp4,left,20230328,081432,28.82,60.0,1729,Validation
/data/i5O/i5OData/undercover-left/videos/20230328/091634.mp4,left,20230328,091634,28.75,60.0,1725,Validation
/data/i5O/i5OData/undercover-left/videos/20230328/065230.mp4,left,20230328,065230,28.78,60.0,1727,Validation
/data/i5O/i5OData/undercover-left/videos/20230328/000324.mp4,left,20230328,000324,28.05,60.0,1683,Test
/data/i5O/i5OData/undercover-left/videos/20230328/001025.mp4,left,20230328,001025,27.43,60.0,1646,Validation
/data/i5O/i5OData/undercover-left/videos/20230328/084033.mp4,left,20230328,084033,28.17,60.0,1690,Validation
/data/i5O/i5OData/undercover-left/videos/20230328/105636.mp4,left,20230328,105636,28.68,60.0,1721,Validation_unlabel
/data/i5O/i5OData/undercover-left/videos/20220607/132656.mp4,left,20220607,132656,10.0,60.0,600,Validation_unlabel
/data/i5O/i5OData/undercover-left/videos/20220607/143941.mp4,left,20220607,143941,10.0,60.0,600,Test
/data/i5O/i5OData/undercover-left/videos/20220607/153255.mp4,left,20220607,153255,10.0,60.0,600,Validation
/data/i5O/i5OData/undercover-left/videos/20220607/172246.mp4,left,20220607,172246,10.0,60.0,600,Validation
/data/i5O/i5OData/undercover-left/videos/20220607/124724.mp4,left,20220607,124724,10.0,60.0,600,Validation
/data/i5O/i5OData/undercover-left/videos/20220607/130524.mp4,left,20220607,130524,10.0,60.0,600,Validation
/data/i5O/i5OData/undercover-left/videos/20220607/122913.mp4,left,20220607,122913,10.0,60.0,600,Test
/data/i5O/i5OData/undercover-left/videos/20220607/094852.mp4,left,20220607,094852,10.0,60.0,600,Validation
/data/i5O/i5OData/undercover-left/videos/20220607/122238.mp4,left,20220607,122238,10.0,60.0,600,Validation
/data/i5O/i5OData/undercover-left/videos/20220607/093519.mp4,left,20220607,093519,10.0,60.0,600,Validation_unlabel
/data/i5O/i5OData/undercover-left/videos/20230317/123348.mp4,left,20230317,123348,46.83,60.0,2810,Validation_unlabel
/data/i5O/i5OData/undercover-left/videos/20230317/083946.mp4,left,20230317,083946,46.65,60.0,2799,Test
/data/i5O/i5OData/undercover-left/videos/20230317/100847.mp4,left,20230317,100847,46.22,60.0,2773,Validation
/data/i5O/i5OData/undercover-left/videos/20230317/112648.mp4,left,20230317,112648,46.65,60.0,2799,Validation
/data/i5O/i5OData/undercover-left/videos/20230317/081546.mp4,left,20230317,081546,46.77,60.0,2806,Validation
/data/i5O/i5OData/undercover-left/videos/20230317/124348.mp4,left,20230317,124348,46.73,60.0,2804,Validation
/data/i5O/i5OData/undercover-left/videos/20230317/102647.mp4,left,20230317,102647,46.5,60.0,2790,Test
/data/i5O/i5OData/undercover-left/videos/20230317/080845.mp4,left,20230317,080845,46.63,60.0,2798,Validation
/data/i5O/i5OData/undercover-left/videos/20230317/090546.mp4,left,20230317,090546,46.2,61.0,2818,Validation
/data/i5O/i5OData/undercover-left/videos/20230317/104648.mp4,left,20230317,104648,46.77,60.0,2806,Validation
/data/i5O/i5OData/undercover-left/videos/20230317/094247.mp4,left,20230317,094247,46.42,60.0,2785,Validation
/data/i5O/i5OData/undercover-left/videos/20230322/162547.mp4,left,20230322,162547,46.26,61.0,2822,Test
/data/i5O/i5OData/undercover-left/videos/20230322/164848.mp4,left,20230322,164848,47.5,60.0,2850,Validation
/data/i5O/i5OData/undercover-left/videos/20230322/132846.mp4,left,20230322,132846,46.72,60.0,2803,Validation
/data/i5O/i5OData/undercover-left/videos/20230322/185749.mp4,left,20230322,185749,47.1,60.0,2826,Validation
/data/i5O/i5OData/undercover-left/videos/20230322/071644.mp4,left,20230322,071644,46.93,60.0,2816,Validation
/data/i5O/i5OData/undercover-left/videos/20220613/170917.mp4,left,20220613,170917,10.0,60.0,600,Test
/data/i5O/i5OData/undercover-left/videos/20220613/171350.mp4,left,20220613,171350,10.0,60.0,600,Validation
/data/i5O/i5OData/undercover-left/videos/20220613/101028.mp4,left,20220613,101028,10.0,60.0,600,Validation
/data/i5O/i5OData/undercover-left/videos/20220613/175758.mp4,left,20220613,175758,10.0,60.0,600,Validation_unlabel
/data/i5O/i5OData/undercover-left/videos/20220613/135724.mp4,left,20220613,135724,10.0,60.0,600,Validation_unlabel
/data/i5O/i5OData/undercover-left/videos/20220613/150628.mp4,left,20220613,150628,10.0,60.0,600,Test
/data/i5O/i5OData/undercover-left/videos/20220613/125410.mp4,left,20220613,125410,10.0,60.0,600,Validation
/data/i5O/i5OData/undercover-left/videos/20220613/140733.mp4,left,20220613,140733,10.0,60.0,600,Validation
/data/i5O/i5OData/undercover-left/videos/20220613/091033.mp4,left,20220613,091033,10.0,60.0,600,Validation
/data/i5O/i5OData/undercover-left/videos/20220613/093400.mp4,left,20220613,093400,10.0,60.0,600,Validation
/data/i5O/i5OData/undercover-left/videos/20220613/095807.mp4,left,20220613,095807,10.0,60.0,600,Test
/data/i5O/i5OData/undercover-left/videos/20230417/221118.mp4,left,20230417,221118,4.88,60.0,293,Validation
/data/i5O/i5OData/undercover-left/videos/20230417/182849.mp4,left,20230417,182849,4.93,60.0,296,Validation
/data/i5O/i5OData/undercover-left/videos/20230417/191856.mp4,left,20230417,191856,4.69,60.99,286,Validation_unlabel
/data/i5O/i5OData/undercover-left/videos/20230417/175945.mp4,left,20230417,175945,4.75,61.0,290,Validation_unlabel
/data/i5O/i5OData/undercover-left/videos/20230417/125519.mp4,left,20230417,125519,4.93,60.0,296,Test
/data/i5O/i5OData/undercover-left/videos/20230417/101701.mp4,left,20230417,101701,4.97,60.0,298,Validation
/data/i5O/i5OData/undercover-left/videos/20230417/071823.mp4,left,20230417,071823,5.42,60.0,325,Validation
/data/i5O/i5OData/undercover-left/videos/20230417/074726.mp4,left,20230417,074726,5.32,60.0,319,Validation
/data/i5O/i5OData/undercover-left/videos/20220727/144233.mp4,left,20220727,144233,10.08,119.0,1200,Validation
/data/i5O/i5OData/undercover-left/videos/20220727/083824.mp4,left,20220727,083824,10.71,112.0,1200,Test
/data/i5O/i5OData/undercover-left/videos/20220727/074358.mp4,left,20220727,074358,10.71,112.0,1200,Validation
/data/i5O/i5OData/undercover-left/videos/20220727/130719.mp4,left,20220727,130719,10.44,115.0,1200,Validation
/data/i5O/i5OData/undercover-left/videos/20220727/080438.mp4,left,20220727,080438,10.71,112.0,1200,Validation_unlabel
/data/i5O/i5OData/undercover-left/videos/20220727/162454.mp4,left,20220727,162454,10.08,119.0,1200,Validation_unlabel
/data/i5O/i5OData/undercover-left/videos/20220727/084940.mp4,left,20220727,084940,10.71,112.0,1200,Test
/data/i5O/i5OData/undercover-left/videos/20220727/151552.mp4,left,20220727,151552,10.0,120.0,1200,Validation
/data/i5O/i5OData/undercover-left/videos/20220727/075132.mp4,left,20220727,075132,10.62,113.0,1200,Validation
/data/i5O/i5OData/undercover-left/videos/20220727/124037.mp4,left,20220727,124037,10.17,118.0,1200,Validation
/data/i5O/i5OData/undercover-left/videos/20220727/064739.mp4,left,20220727,064739,10.71,112.0,1200,Validation
/data/i5O/i5OData/undercover-left/videos/20220727/000831.mp4,left,20220727,000831,13.64,88.0,1200,Test
/data/i5O/i5OData/undercover-left/videos/20220727/065124.mp4,left,20220727,065124,10.71,112.0,1200,Validation
/data/i5O/i5OData/undercover-left/videos/20220727/072124.mp4,left,20220727,072124,10.62,113.0,1200,Validation
/data/i5O/i5OData/undercover-left/videos/20220525/171922.mp4,left,20220525,171922,10.0,60.0,600,Validation_unlabel
/data/i5O/i5OData/undercover-left/videos/20220525/130053.mp4,left,20220525,130053,10.0,60.0,600,Validation_unlabel
/data/i5O/i5OData/undercover-left/videos/20220525/133710.mp4,left,20220525,133710,10.0,60.0,600,Test
/data/i5O/i5OData/undercover-left/videos/20220525/154324.mp4,left,20220525,154324,10.0,60.0,600,Validation
/data/i5O/i5OData/undercover-left/videos/20220525/101353.mp4,left,20220525,101353,10.0,60.0,600,Validation
/data/i5O/i5OData/undercover-left/videos/20220525/135320.mp4,left,20220525,135320,10.0,60.0,600,Validation
/data/i5O/i5OData/undercover-left/videos/20220525/102617.mp4,left,20220525,102617,10.0,60.0,600,Validation
/data/i5O/i5OData/undercover-left/videos/20220525/102511.mp4,left,20220525,102511,10.0,60.0,600,Test
/data/i5O/i5OData/undercover-left/videos/20220525/121815.mp4,left,20220525,121815,10.0,60.0,600,Validation
/data/i5O/i5OData/undercover-left/videos/20220525/123836.mp4,left,20220525,123836,10.0,60.0,600,Validation
/data/i5O/i5OData/undercover-left/videos/20220608/111053.mp4,left,20220608,111053,10.0,60.0,600,Validation_unlabel
/data/i5O/i5OData/undercover-left/videos/20220608/094335.mp4,left,20220608,094335,10.0,60.0,600,Validation_unlabel
/data/i5O/i5OData/undercover-left/videos/20220608/085414.mp4,left,20220608,085414,10.0,60.0,600,Test
/data/i5O/i5OData/undercover-left/videos/20220608/091837.mp4,left,20220608,091837,10.0,60.0,600,Validation
/data/i5O/i5OData/undercover-left/videos/20220608/091041.mp4,left,20220608,091041,10.0,60.0,600,Validation
/data/i5O/i5OData/undercover-left/videos/20220608/101223.mp4,left,20220608,101223,10.0,60.0,600,Validation
/data/i5O/i5OData/undercover-left/videos/20220608/175044.mp4,left,20220608,175044,10.0,60.0,600,Validation
/data/i5O/i5OData/undercover-left/videos/20220608/181014.mp4,left,20220608,181014,10.0,60.0,600,Test
/data/i5O/i5OData/undercover-left/videos/20220608/174723.mp4,left,20220608,174723,10.0,60.0,600,Validation
/data/i5O/i5OData/undercover-left/videos/20220608/123653.mp4,left,20220608,123653,10.0,60.0,600,Validation
/data/i5O/i5OData/undercover-left/videos/20220608/112117.mp4,left,20220608,112117,10.0,60.0,600,Validation
/data/i5O/i5OData/undercover-left/videos/20220517/100809.mp4,left,20220517,100809,10.0,60.0,600,Validation
/data/i5O/i5OData/undercover-left/videos/20220517/135758.mp4,left,20220517,135758,10.0,60.0,600,Test
/data/i5O/i5OData/undercover-left/videos/20220517/102323.mp4,left,20220517,102323,10.0,60.0,600,Validation
/data/i5O/i5OData/undercover-left/videos/20220517/131656.mp4,left,20220517,131656,10.0,60.0,600,Validation
/data/i5O/i5OData/undercover-left/videos/20220517/133706.mp4,left,20220517,133706,10.0,60.0,600,Validation
/data/i5O/i5OData/undercover-left/videos/20220517/101235.mp4,left,20220517,101235,10.0,60.0,600,Validation
/data/i5O/i5OData/undercover-left/videos/20220517/101445.mp4,left,20220517,101445,10.0,60.0,600,Test
/data/i5O/i5OData/undercover-left/videos/20220517/142716.mp4,left,20220517,142716,10.0,60.0,600,Validation
/data/i5O/i5OData/undercover-left/videos/20220517/083619.mp4,left,20220517,083619,10.0,60.0,600,Validation
/data/i5O/i5OData/undercover-left/videos/20220517/135649.mp4,left,20220517,135649,10.0,60.0,600,Validation_unlabel
/data/i5O/i5OData/undercover-left/videos/20220517/084046.mp4,left,20220517,084046,10.0,60.0,600,Validation_unlabel
/data/i5O/i5OData/undercover-left/videos/20220517/083509.mp4,left,20220517,083509,10.0,60.0,600,Test
/data/i5O/i5OData/undercover-left/videos/20220517/133240.mp4,left,20220517,133240,10.0,60.0,600,Validation
/data/i5O/i5OData/undercover-left/videos/20220517/101552.mp4,left,20220517,101552,10.0,60.0,600,Validation
/data/i5O/i5OData/undercover-left/videos/20220517/083936.mp4,left,20220517,083936,10.0,60.0,600,Validation
/data/i5O/i5OData/undercover-left/videos/20230410/103805.mp4,left,20230410,103805,19.0,60.0,1140,Validation
/data/i5O/i5OData/undercover-left/videos/20230410/081102.mp4,left,20230410,081102,18.92,60.0,1135,Test
/data/i5O/i5OData/undercover-left/videos/20230410/183619.mp4,left,20230410,183619,18.68,60.0,1121,Validation
/data/i5O/i5OData/undercover-left/videos/20230410/084303.mp4,left,20230410,084303,18.42,60.0,1105,Validation
/data/i5O/i5OData/undercover-left/videos/20230410/181318.mp4,left,20230410,181318,18.45,60.0,1107,Validation_unlabel
/data/i5O/i5OData/undercover-left/videos/20230321/202738.mp4,left,20230321,202738,46.08,60.0,2765,Validation_unlabel
/data/i5O/i5OData/undercover-left/videos/20230321/012431.mp4,left,20230321,012431,47.0,60.0,2820,Test
/data/i5O/i5OData/undercover-left/videos/20230321/024131.mp4,left,20230321,024131,46.68,60.0,2801,Validation
/data/i5O/i5OData/undercover-left/videos/20230321/111635.mp4,left,20230321,111635,46.78,60.0,2807,Validation
/data/i5O/i5OData/undercover-left/videos/20230321/010230.mp4,left,20230321,010230,48.58,60.0,2915,Validation
/data/i5O/i5OData/undercover-left/videos/20230321/220840.mp4,left,20230321,220840,46.87,60.0,2812,Validation
/data/i5O/i5OData/undercover-left/videos/20230321/154937.mp4,left,20230321,154937,47.03,60.0,2822,Test
/data/i5O/i5OData/undercover-left/videos/20230321/194938.mp4,left,20230321,194938,46.68,60.0,2801,Validation
/data/i5O/i5OData/undercover-left/videos/20230323/164910.mp4,left,20230323,164910,29.27,60.0,1756,Validation
/data/i5O/i5OData/undercover-left/videos/20230323/151509.mp4,left,20230323,151509,28.23,60.0,1694,Validation_unlabel
/data/i5O/i5OData/undercover-left/videos/20220606/172001.mp4,left,20220606,172001,10.0,60.0,600,Validation_unlabel
/data/i5O/i5OData/undercover-left/videos/20220606/160251.mp4,left,20220606,160251,10.0,60.0,600,Test
/data/i5O/i5OData/undercover-left/videos/20220606/121840.mp4,left,20220606,121840,10.0,60.0,600,Validation
/data/i5O/i5OData/undercover-left/videos/20220606/155711.mp4,left,20220606,155711,10.0,60.0,600,Validation
/data/i5O/i5OData/undercover-left/videos/20220606/100544.mp4,left,20220606,100544,10.0,60.0,600,Validation
/data/i5O/i5OData/undercover-left/videos/20220606/093514.mp4,left,20220606,093514,10.0,60.0,600,Validation
/data/i5O/i5OData/undercover-left/videos/20220606/140839.mp4,left,20220606,140839,10.0,60.0,600,Test
/data/i5O/i5OData/undercover-left/videos/20220606/093829.mp4,left,20220606,093829,10.0,60.0,600,Validation
/data/i5O/i5OData/undercover-left/videos/20220606/103632.mp4,left,20220606,103632,10.0,60.0,600,Validation
/data/i5O/i5OData/undercover-left/videos/20220606/095101.mp4,left,20220606,095101,10.0,60.0,600,Validation_unlabel
/data/i5O/i5OData/undercover-left/videos/20220606/093157.mp4,left,20220606,093157,10.0,60.0,600,Validation_unlabel
/data/i5O/i5OData/undercover-left/videos/20220513/083811.mp4,left,20220513,083811,10.0,60.0,600,Test
/data/i5O/i5OData/undercover-left/videos/20220513/102730.mp4,left,20220513,102730,10.0,60.0,600,Validation
/data/i5O/i5OData/undercover-left/videos/20220513/100847.mp4,left,20220513,100847,10.0,60.0,600,Validation
/data/i5O/i5OData/undercover-left/videos/20220513/102312.mp4,left,20220513,102312,10.0,60.0,600,Validation
/data/i5O/i5OData/undercover-left/videos/20220513/101641.mp4,left,20220513,101641,10.0,60.0,600,Validation
/data/i5O/i5OData/undercover-left/videos/20220513/084019.mp4,left,20220513,084019,10.0,60.0,600,Test
/data/i5O/i5OData/undercover-left/videos/20220513/101957.mp4,left,20220513,101957,10.0,60.0,600,Validation
/data/i5O/i5OData/undercover-left/videos/20220513/100951.mp4,left,20220513,100951,10.0,60.0,600,Validation
/data/i5O/i5OData/undercover-left/videos/20220513/144148.mp4,left,20220513,144148,10.0,60.0,600,Validation_unlabel
/data/i5O/i5OData/undercover-left/videos/20220513/084126.mp4,left,20220513,084126,10.0,60.0,600,Validation_unlabel
/data/i5O/i5OData/undercover-left/videos/20220513/083706.mp4,left,20220513,083706,10.0,60.0,600,Test
/data/i5O/i5OData/undercover-left/videos/20220513/094457.mp4,left,20220513,094457,10.0,60.0,600,Validation
/data/i5O/i5OData/undercover-left/videos/20220513/085023.mp4,left,20220513,085023,10.0,60.0,600,Validation
/data/i5O/i5OData/undercover-left/videos/20220513/080526.mp4,left,20220513,080526,10.0,60.0,600,Validation
/data/i5O/i5OData/undercover-left/videos/20220513/101535.mp4,left,20220513,101535,10.0,60.0,600,Validation
/data/i5O/i5OData/undercover-left/videos/20230324/201801.mp4,left,20230324,201801,28.05,60.0,1683,Test
/data/i5O/i5OData/undercover-left/videos/20230324/161357.mp4,left,20230324,161357,25.88,60.0,1553,Validation
/data/i5O/i5OData/undercover-left/videos/20230324/102130.mp4,left,20230324,102130,26.05,60.0,1563,Validation
/data/i5O/i5OData/undercover-left/videos/20230324/180059.mp4,left,20230324,180059,24.97,60.0,1498,Validation
/data/i5O/i5OData/undercover-left/videos/20230324/091629.mp4,left,20230324,091629,28.28,60.0,1697,Validation
/data/i5O/i5OData/undercover-left/videos/20230324/095730.mp4,left,20230324,095730,29.08,60.0,1745,Test
/data/i5O/i5OData/undercover-left/videos/20230324/112131.mp4,left,20230324,112131,29.35,60.0,1761,Validation
/data/i5O/i5OData/undercover-left/videos/20230324/094129.mp4,left,20230324,094129,27.63,60.0,1658,Validation
/data/i5O/i5OData/undercover-left/videos/20230324/103931.mp4,left,20230324,103931,28.02,60.0,1681,Validation
/data/i5O/i5OData/undercover-left/videos/20230324/000519.mp4,left,20230324,000519,29.05,60.0,1743,Validation
/data/i5O/i5OData/undercover-left/videos/20230324/002719.mp4,left,20230324,002719,28.92,60.0,1735,Test
/data/i5O/i5OData/undercover-left/videos/20230324/001919.mp4,left,20230324,001919,28.78,60.0,1727,Validation
/data/i5O/i5OData/undercover-left/videos/20230324/004019.mp4,left,20230324,004019,28.88,60.0,1733,Validation
/data/i5O/i5OData/undercover-left/videos/20230324/150656.mp4,left,20230324,150656,29.1,60.0,1746,Validation_unlabel
/data/i5O/i5OData/undercover-left/videos/20230324/071727.mp4,left,20230324,071727,27.73,60.0,1664,Validation_unlabel
/data/i5O/i5OData/undercover-left/videos/20230324/143355.mp4,left,20230324,143355,28.55,60.0,1713,Test
/data/i5O/i5OData/undercover-left/videos/20220412/185439.mp4,left,20220412,185439,20.0,60.0,1200,Validation
/data/i5O/i5OData/undercover-left/videos/20220412/205041.mp4,left,20220412,205041,20.0,60.0,1200,Validation
/data/i5O/i5OData/undercover-left/videos/20220412/202236.mp4,left,20220412,202236,20.0,60.0,1200,Validation
/data/i5O/i5OData/undercover-left/videos/20220412/182732.mp4,left,20220412,182732,20.0,60.0,1200,Validation
/data/i5O/i5OData/undercover-left/videos/20220412/183055.mp4,left,20220412,183055,20.0,60.0,1200,Test
/data/i5O/i5OData/undercover-left/videos/20220412/173202.mp4,left,20220412,173202,20.0,60.0,1200,Validation
/data/i5O/i5OData/undercover-left/videos/20220412/183310.mp4,left,20220412,183310,20.0,60.0,1200,Validation
/data/i5O/i5OData/undercover-left/videos/20220412/173634.mp4,left,20220412,173634,20.0,60.0,1200,Validation_unlabel
/data/i5O/i5OData/undercover-left/videos/20220412/182625.mp4,left,20220412,182625,20.0,60.0,1200,Validation_unlabel
/data/i5O/i5OData/undercover-left/videos/20220412/083101.mp4,left,20220412,083101,20.0,60.0,1200,Test
/data/i5O/i5OData/undercover-left/videos/20220412/124634.mp4,left,20220412,124634,20.0,60.0,1200,Validation
/data/i5O/i5OData/undercover-left/videos/20220412/143108.mp4,left,20220412,143108,20.0,60.0,1200,Validation
/data/i5O/i5OData/undercover-left/videos/20220412/103914.mp4,left,20220412,103914,20.0,60.0,1200,Validation
/data/i5O/i5OData/undercover-left/videos/20220412/123737.mp4,left,20220412,123737,20.0,60.0,1200,Validation
/data/i5O/i5OData/undercover-left/videos/20220412/100440.mp4,left,20220412,100440,20.0,60.0,1200,Test
/data/i5O/i5OData/undercover-left/videos/20220412/100333.mp4,left,20220412,100333,20.0,60.0,1200,Validation
/data/i5O/i5OData/undercover-left/videos/20220412/095438.mp4,left,20220412,095438,20.0,60.0,1200,Validation
/data/i5O/i5OData/undercover-left/videos/20220412/075309.mp4,left,20220412,075309,20.0,60.0,1200,Validation_unlabel
/data/i5O/i5OData/undercover-left/videos/20220412/072410.mp4,left,20220412,072410,20.0,60.0,1200,Validation_unlabel
/data/i5O/i5OData/undercover-left/videos/20220412/074307.mp4,left,20220412,074307,20.0,60.0,1200,Test
/data/i5O/i5OData/undercover-left/videos/20230320/142126.mp4,left,20230320,142126,46.78,60.0,2807,Validation
/data/i5O/i5OData/undercover-left/videos/20230320/095725.mp4,left,20230320,095725,47.72,60.0,2863,Validation
/data/i5O/i5OData/undercover-left/videos/20230320/112225.mp4,left,20230320,112225,46.28,60.0,2777,Validation
/data/i5O/i5OData/undercover-left/videos/20230320/132226.mp4,left,20230320,132226,46.25,60.0,2775,Validation
/data/i5O/i5OData/undercover-left/videos/20230320/084523.mp4,left,20230320,084523,46.38,60.0,2783,Test
/data/i5O/i5OData/undercover-left/videos/20230320/083023.mp4,left,20230320,083023,46.5,60.0,2790,Validation
/data/i5O/i5OData/undercover-left/videos/20230320/091724.mp4,left,20230320,091724,46.78,60.0,2807,Validation
/data/i5O/i5OData/undercover-left/videos/20230320/101025.mp4,left,20230320,101025,46.87,60.0,2812,Validation_unlabel
/data/i5O/i5OData/undercover-left/videos/20230320/145026.mp4,left,20230320,145026,46.9,60.0,2814,Validation_unlabel
/data/i5O/i5OData/undercover-left/videos/20230320/071122.mp4,left,20230320,071122,46.35,60.0,2781,Test
/data/i5O/i5OData/undercover-left/videos/20230320/073522.mp4,left,20230320,073522,46.83,60.0,2810,Validation
/data/i5O/i5OData/undercover-left/videos/20230320/103325.mp4,left,20230320,103325,47.08,60.0,2825,Validation
/data/i5O/i5OData/undercover-left/videos/20220926/085050.mp4,left,20220926,085050,10.0,120.0,1200,Validation
/data/i5O/i5OData/undercover-left/videos/20220926/125034.mp4,left,20220926,125034,13.95,86.0,1200,Validation
/data/i5O/i5OData/undercover-left/videos/20220926/104343.mp4,left,20220926,104343,13.64,88.0,1200,Test
/data/i5O/i5OData/undercover-left/videos/20220926/121642.mp4,left,20220926,121642,11.01,108.99,1200,Validation
/data/i5O/i5OData/undercover-left/videos/20220926/093307.mp4,left,20220926,093307,8.16,147.0,1200,Validation
/data/i5O/i5OData/undercover-left/videos/20220926/091533.mp4,left,20220926,091533,11.01,108.99,1200,Validation_unlabel
/data/i5O/i5OData/undercover-left/videos/20220926/080701.mp4,left,20220926,080701,13.64,88.0,1200,Validation_unlabel
/data/i5O/i5OData/undercover-left/videos/20220926/095625.mp4,left,20220926,095625,13.19,91.0,1200,Test
/data/i5O/i5OData/undercover-left/videos/20220926/075906.mp4,left,20220926,075906,10.0,120.0,1200,Validation
/data/i5O/i5OData/undercover-left/videos/20220926/073644.mp4,left,20220926,073644,12.77,94.0,1200,Validation
/data/i5O/i5OData/undercover-left/videos/20230315/130924.mp4,left,20230315,130924,45.57,60.0,2734,Validation
/data/i5O/i5OData/undercover-left/videos/20230315/144925.mp4,left,20230315,144925,45.95,60.0,2757,Validation
/data/i5O/i5OData/undercover-left/videos/20230315/140624.mp4,left,20230315,140624,45.93,60.0,2756,Test
/data/i5O/i5OData/undercover-left/videos/20230315/105223.mp4,left,20230315,105223,45.75,60.0,2745,Validation
/data/i5O/i5OData/undercover-left/videos/20230315/121524.mp4,left,20230315,121524,46.47,60.0,2788,Validation
/data/i5O/i5OData/undercover-left/videos/20230315/092922.mp4,left,20230315,092922,46.12,60.0,2767,Validation
/data/i5O/i5OData/undercover-left/videos/20230315/101523.mp4,left,20230315,101523,46.23,60.0,2774,Validation
/data/i5O/i5OData/undercover-left/videos/20230315/135624.mp4,left,20230315,135624,46.07,60.0,2764,Test
/data/i5O/i5OData/undercover-left/videos/20230315/125024.mp4,left,20230315,125024,46.25,60.0,2775,Validation
/data/i5O/i5OData/undercover-left/videos/20230315/084522.mp4,left,20230315,084522,46.73,60.0,2804,Validation
/data/i5O/i5OData/undercover-left/videos/20230315/084922.mp4,left,20230315,084922,46.33,60.0,2780,Validation
/data/i5O/i5OData/undercover-left/videos/20230315/080021.mp4,left,20230315,080021,46.32,60.0,2779,Validation
/data/i5O/i5OData/undercover-left/videos/20230316/122435.mp4,left,20230316,122435,45.62,60.0,2737,Test
/data/i5O/i5OData/undercover-left/videos/20230316/124635.mp4,left,20230316,124635,45.17,60.0,2710,Validation
/data/i5O/i5OData/undercover-left/videos/20230316/101934.mp4,left,20230316,101934,44.92,60.0,2695,Validation
/data/i5O/i5OData/undercover-left/videos/20230316/112134.mp4,left,20230316,112134,45.13,60.0,2708,Validation_unlabel
/data/i5O/i5OData/undercover-left/videos/20230316/100334.mp4,left,20230316,100334,45.3,60.0,2718,Validation_unlabel
/data/i5O/i5OData/undercover-left/videos/20230316/104334.mp4,left,20230316,104334,45.28,60.0,2717,Test
/data/i5O/i5OData/undercover-left/videos/20230316/095234.mp4,left,20230316,095234,45.55,60.0,2733,Validation
/data/i5O/i5OData/undercover-left/videos/20230316/082734.mp4,left,20230316,082734,46.37,60.0,2782,Validation
/data/i5O/i5OData/undercover-left/videos/20230316/081034.mp4,left,20230316,081034,45.7,60.0,2742,Validation
/data/i5O/i5OData/undercover-left/videos/20230316/083434.mp4,left,20230316,083434,46.0,60.0,2760,Validation
/data/i5O/i5OData/undercover-left/videos/20230316/073033.mp4,left,20230316,073033,45.1,60.0,2706,Test
/data/i5O/i5OData/undercover-left/videos/20230316/074033.mp4,left,20230316,074033,46.05,60.0,2763,Validation
/data/i5O/i5OData/undercover-left/videos/20220418/203132.mp4,left,20220418,203132,20.0,60.0,1200,Validation
/data/i5O/i5OData/undercover-left/videos/20220418/221518.mp4,left,20220418,221518,20.0,60.0,1200,Validation_unlabel
/data/i5O/i5OData/undercover-left/videos/20220418/220624.mp4,left,20220418,220624,20.0,60.0,1200,Validation_unlabel
/data/i5O/i5OData/undercover-left/videos/20220418/170936.mp4,left,20220418,170936,20.0,60.0,1200,Test
/data/i5O/i5OData/undercover-left/videos/20220418/205609.mp4,left,20220418,205609,20.0,60.0,1200,Validation
/data/i5O/i5OData/undercover-left/videos/20220418/193620.mp4,left,20220418,193620,20.0,60.0,1200,Validation
/data/i5O/i5OData/undercover-left/videos/20220418/195643.mp4,left,20220418,195643,20.0,60.0,1200,Validation
/data/i5O/i5OData/undercover-left/videos/20220418/173909.mp4,left,20220418,173909,20.0,60.0,1200,Validation
/data/i5O/i5OData/undercover-left/videos/20220418/193147.mp4,left,20220418,193147,20.0,60.0,1200,Test
/data/i5O/i5OData/undercover-left/videos/20220418/133709.mp4,left,20220418,133709,20.0,60.0,1200,Validation
/data/i5O/i5OData/undercover-left/videos/20220418/145727.mp4,left,20220418,145727,20.0,60.0,1200,Validation
/data/i5O/i5OData/undercover-left/videos/20220418/145834.mp4,left,20220418,145834,20.0,60.0,1200,Validation_unlabel
/data/i5O/i5OData/undercover-left/videos/20220418/124705.mp4,left,20220418,124705,20.0,60.0,1200,Validation_unlabel
/data/i5O/i5OData/undercover-left/videos/20220418/175032.mp4,left,20220418,175032,20.0,60.0,1200,Test
/data/i5O/i5OData/undercover-left/videos/20220418/123558.mp4,left,20220418,123558,20.0,60.0,1200,Validation
/data/i5O/i5OData/undercover-left/videos/20220418/144511.mp4,left,20220418,144511,20.0,60.0,1200,Validation
/data/i5O/i5OData/undercover-left/videos/20220418/111444.mp4,left,20220418,111444,20.0,60.0,1200,Validation
/data/i5O/i5OData/undercover-left/videos/20220418/131026.mp4,left,20220418,131026,20.0,60.0,1200,Validation
/data/i5O/i5OData/undercover-left/videos/20220418/121809.mp4,left,20220418,121809,20.0,60.0,1200,Test
/data/i5O/i5OData/undercover-left/videos/20220418/110336.mp4,left,20220418,110336,20.0,60.0,1200,Validation
/data/i5O/i5OData/undercover-left/videos/20220418/123918.mp4,left,20220418,123918,20.0,60.0,1200,Validation
/data/i5O/i5OData/undercover-left/videos/20220418/110016.mp4,left,20220418,110016,20.0,60.0,1200,Validation_unlabel
/data/i5O/i5OData/undercover-left/videos/20220418/103227.mp4,left,20220418,103227,20.0,60.0,1200,Validation_unlabel
/data/i5O/i5OData/undercover-left/videos/20220418/101546.mp4,left,20220418,101546,20.0,60.0,1200,Test
/data/i5O/i5OData/undercover-left/videos/20220418/103334.mp4,left,20220418,103334,20.0,60.0,1200,Validation
/data/i5O/i5OData/undercover-left/videos/20220418/094757.mp4,left,20220418,094757,20.0,60.0,1200,Validation
/data/i5O/i5OData/undercover-left/videos/20220418/093755.mp4,left,20220418,093755,20.0,60.0,1200,Validation
/data/i5O/i5OData/undercover-left/videos/20220418/091647.mp4,left,20220418,091647,20.0,60.0,1200,Validation
/data/i5O/i5OData/undercover-left/videos/20220418/093328.mp4,left,20220418,093328,20.0,60.0,1200,Test
/data/i5O/i5OData/undercover-left/videos/20220418/091220.mp4,left,20220418,091220,20.0,60.0,1200,Validation
/data/i5O/i5OData/undercover-left/videos/20220418/091754.mp4,left,20220418,091754,20.0,60.0,1200,Validation
/data/i5O/i5OData/undercover-left/videos/20220418/082643.mp4,left,20220418,082643,20.0,60.0,1200,Validation_unlabel
/data/i5O/i5OData/undercover-left/videos/20220418/082536.mp4,left,20220418,082536,20.0,60.0,1200,Validation_unlabel
/data/i5O/i5OData/undercover-left/videos/20220418/075854.mp4,left,20220418,075854,20.0,60.0,1200,Test
/data/i5O/i5OData/undercover-left/videos/20220418/072959.mp4,left,20220418,072959,20.0,60.0,1200,Validation
/data/i5O/i5OData/undercover-left/videos/20220418/083537.mp4,left,20220418,083537,20.0,60.0,1200,Validation
/data/i5O/i5OData/undercover-left/videos/20220418/072532.mp4,left,20220418,072532,20.0,60.0,1200,Validation
/data/i5O/i5OData/undercover-left/videos/20220915/143048.mp4,left,20220915,143048,13.04,92.0,1200,Validation
/data/i5O/i5OData/undercover-left/videos/20220915/124334.mp4,left,20220915,124334,13.04,92.0,1200,Test
/data/i5O/i5OData/undercover-left/videos/20220915/140157.mp4,left,20220915,140157,11.11,108.0,1200,Validation
/data/i5O/i5OData/undercover-left/videos/20220915/121901.mp4,left,20220915,121901,13.95,86.0,1200,Validation
/data/i5O/i5OData/undercover-left/videos/20220915/111512.mp4,left,20220915,111512,12.24,98.0,1200,Validation
/data/i5O/i5OData/undercover-left/videos/20220915/101530.mp4,left,20220915,101530,10.44,115.0,1200,Validation
/data/i5O/i5OData/undercover-left/videos/20220915/094705.mp4,left,20220915,094705,11.21,107.0,1200,Test
/data/i5O/i5OData/undercover-left/videos/20220915/105107.mp4,left,20220915,105107,10.35,116.0,1200,Validation
/data/i5O/i5OData/undercover-left/videos/20220915/082939.mp4,left,20220915,082939,9.3,129.0,1200,Validation
/data/i5O/i5OData/undercover-left/videos/20220915/080512.mp4,left,20220915,080512,11.43,105.0,1200,Validation
/data/i5O/i5OData/undercover-left/videos/20220718/183618.mp4,left,20220718,183618,12.37,97.0,1200,Validation
/data/i5O/i5OData/undercover-left/videos/20220718/153059.mp4,left,20220718,153059,11.32,106.01,1200,Test
/data/i5O/i5OData/undercover-left/videos/20220718/142908.mp4,left,20220718,142908,9.23,130.01,1200,Validation
/data/i5O/i5OData/undercover-left/videos/20220718/121546.mp4,left,20220718,121546,8.63,139.0,1200,Validation
/data/i5O/i5OData/undercover-left/videos/20220718/135120.mp4,left,20220718,135120,8.28,145.0,1200,Validation_unlabel
/data/i5O/i5OData/undercover-left/videos/20220718/141944.mp4,left,20220718,141944,13.48,89.0,1200,Validation_unlabel
/data/i5O/i5OData/undercover-left/videos/20220718/175832.mp4,left,20220718,175832,10.08,119.0,1200,Test
/data/i5O/i5OData/undercover-left/videos/20220718/101341.mp4,left,20220718,101341,12.63,95.0,1200,Validation
/data/i5O/i5OData/undercover-left/videos/20220718/095740.mp4,left,20220718,095740,12.12,99.0,1200,Validation
/data/i5O/i5OData/undercover-left/videos/20220718/111422.mp4,left,20220718,111422,12.5,96.0,1200,Validation
/data/i5O/i5OData/undercover-left/videos/20220718/095036.mp4,left,20220718,095036,14.12,85.0,1200,Validation
/data/i5O/i5OData/undercover-left/videos/20220919/161937.mp4,left,20220919,161937,11.88,101.0,1200,Test
/data/i5O/i5OData/undercover-left/videos/20220919/143452.mp4,left,20220919,143452,13.64,88.0,1200,Validation
/data/i5O/i5OData/undercover-left/videos/20220919/141536.mp4,left,20220919,141536,11.11,108.0,1200,Validation
/data/i5O/i5OData/undercover-left/videos/20220919/111028.mp4,left,20220919,111028,13.64,88.0,1200,Validation_unlabel
/data/i5O/i5OData/undercover-left/videos/20220919/081800.mp4,left,20220919,081800,13.04,92.0,1200,Validation_unlabel
/data/i5O/i5OData/undercover-left/videos/20220919/133520.mp4,left,20220919,133520,12.9,93.0,1200,Test
/data/i5O/i5OData/undercover-left/videos/20220919/104110.mp4,left,20220919,104110,12.63,95.0,1200,Validation
/data/i5O/i5OData/undercover-left/videos/20220919/070539.mp4,left,20220919,070539,10.0,120.0,1200,Validation
/data/i5O/i5OData/undercover-left/videos/20220919/083608.mp4,left,20220919,083608,13.19,91.0,1200,Validation
/data/i5O/i5OData/undercover-left/videos/20220919/065618.mp4,left,20220919,065618,11.77,102.0,1200,Validation
/data/i5O/i5OData/undercover-left/videos/20220919/073928.mp4,left,20220919,073928,9.92,121.0,1200,Test
/data/i5O/i5OData/undercover-left/videos/20220901/073832.mp4,left,20220901,073832,12.63,95.0,1200,Validation
/data/i5O/i5OData/undercover-left/videos/20220901/135359.mp4,left,20220901,135359,12.0,100.0,1200,Validation
/data/i5O/i5OData/undercover-left/videos/20220901/141729.mp4,left,20220901,141729,12.9,93.0,1200,Validation_unlabel
/data/i5O/i5OData/undercover-left/videos/20220901/130950.mp4,left,20220901,130950,9.16,131.0,1200,Validation_unlabel
/data/i5O/i5OData/undercover-left/videos/20220901/111752.mp4,left,20220901,111752,9.92,121.0,1200,Test
/data/i5O/i5OData/undercover-left/videos/20220901/110843.mp4,left,20220901,110843,14.12,85.0,1200,Validation
/data/i5O/i5OData/undercover-left/videos/20220901/103018.mp4,left,20220901,103018,13.19,91.0,1200,Validation
/data/i5O/i5OData/undercover-left/videos/20220901/102007.mp4,left,20220901,102007,12.0,100.0,1200,Validation
/data/i5O/i5OData/undercover-left/videos/20220901/092120.mp4,left,20220901,092120,13.04,92.0,1200,Validation
/data/i5O/i5OData/undercover-left/videos/20220901/082520.mp4,left,20220901,082520,9.09,132.01,1200,Test
/data/i5O/i5OData/undercover-left/videos/20220901/081031.mp4,left,20220901,081031,8.33,144.01,1200,Validation
/data/i5O/i5OData/undercover-left/videos/20220908/161424.mp4,left,20220908,161424,12.63,95.0,1200,Validation
/data/i5O/i5OData/undercover-left/videos/20220908/132032.mp4,left,20220908,132032,12.5,96.0,1200,Validation_unlabel
/data/i5O/i5OData/undercover-left/videos/20220908/122756.mp4,left,20220908,122756,11.88,101.0,1200,Validation_unlabel
/data/i5O/i5OData/undercover-left/videos/20220908/105224.mp4,left,20220908,105224,13.04,92.0,1200,Test
/data/i5O/i5OData/undercover-left/videos/20220908/141250.mp4,left,20220908,141250,12.77,94.0,1200,Validation
/data/i5O/i5OData/undercover-left/videos/20220908/142657.mp4,left,20220908,142657,10.71,112.0,1200,Validation
/data/i5O/i5OData/undercover-left/videos/20220908/073213.mp4,left,20220908,073213,13.19,91.0,1200,Validation
/data/i5O/i5OData/undercover-left/videos/20220908/081443.mp4,left,20220908,081443,12.12,99.0,1200,Validation
/data/i5O/i5OData/undercover-left/videos/20220908/093531.mp4,left,20220908,093531,12.37,97.0,1200,Test
/data/i5O/i5OData/undercover-left/videos/20220908/090618.mp4,left,20220908,090618,12.5,96.0,1200,Validation
/data/i5O/i5OData/undercover-left/videos/20220908/072007.mp4,left,20220908,072007,9.68,124.01,1200,Validation
/data/i5O/i5OData/undercover-left/videos/20220923/133034.mp4,left,20220923,133034,13.48,89.0,1200,Validation_unlabel
/data/i5O/i5OData/undercover-left/videos/20220923/122917.mp4,left,20220923,122917,13.33,90.0,1200,Validation_unlabel
/data/i5O/i5OData/undercover-left/videos/20220923/111747.mp4,left,20220923,111747,11.21,107.0,1200,Test
/data/i5O/i5OData/undercover-left/videos/20220923/091426.mp4,left,20220923,091426,10.81,111.01,1200,Validation
/data/i5O/i5OData/undercover-left/videos/20220923/095046.mp4,left,20220923,095046,8.63,139.0,1200,Validation
/data/i5O/i5OData/undercover-left/videos/20220923/074705.mp4,left,20220923,074705,11.32,106.01,1200,Validation
/data/i5O/i5OData/undercover-left/videos/20220923/082557.mp4,left,20220923,082557,10.26,117.0,1200,Validation
/data/i5O/i5OData/undercover-left/videos/20220923/084056.mp4,left,20220923,084056,13.64,88.0,1200,Test
/data/i5O/i5OData/undercover-left/videos/20220923/065306.mp4,left,20220923,065306,11.11,108.0,1200,Validation
/data/i5O/i5OData/undercover-left/videos/20220923/073140.mp4,left,20220923,073140,10.91,109.99,1200,Validation
/data/i5O/i5OData/undercover-left/videos/20220825/170705.mp4,left,20220825,170705,11.54,104.0,1200,Validation
/data/i5O/i5OData/undercover-left/videos/20220825/151431.mp4,left,20220825,151431,7.89,152.0,1200,Validation
/data/i5O/i5OData/undercover-left/videos/20220825/090636.mp4,left,20220825,090636,13.19,91.0,1200,Test
/data/i5O/i5OData/undercover-left/videos/20220825/083742.mp4,left,20220825,083742,13.04,92.0,1200,Validation
/data/i5O/i5OData/undercover-left/videos/20220825/150031.mp4,left,20220825,150031,7.95,151.0,1200,Validation
/data/i5O/i5OData/undercover-left/videos/20220825/164943.mp4,left,20220825,164943,9.76,123.0,1200,Validation
/data/i5O/i5OData/undercover-left/videos/20220825/073822.mp4,left,20220825,073822,12.5,96.0,1200,Validation
/data/i5O/i5OData/undercover-left/videos/20220825/082245.mp4,left,20220825,082245,10.44,115.0,1200,Test
/data/i5O/i5OData/undercover-left/videos/20220825/065619.mp4,left,20220825,065619,12.9,93.0,1200,Validation
/data/i5O/i5OData/undercover-left/videos/20220825/070744.mp4,left,20220825,070744,12.37,97.0,1200,Validation
/data/i5O/i5OData/undercover-left/videos/20220825/064956.mp4,left,20220825,064956,9.68,124.01,1200,Validation_unlabel
/data/i5O/i5OData/undercover-left/videos/20220825/072725.mp4,left,20220825,072725,12.9,93.0,1200,Validation_unlabel
/data/i5O/i5OData/undercover-left/videos/20220822/153456.mp4,left,20220822,153456,11.43,105.0,1200,Test
/data/i5O/i5OData/undercover-left/videos/20220822/135113.mp4,left,20220822,135113,10.17,118.0,1200,Validation
/data/i5O/i5OData/undercover-left/videos/20220822/145948.mp4,left,20220822,145948,11.43,105.0,1200,Validation
/data/i5O/i5OData/undercover-left/videos/20220822/143613.mp4,left,20220822,143613,11.77,102.0,1200,Validation
/data/i5O/i5OData/undercover-left/videos/20220822/124235.mp4,left,20220822,124235,13.48,89.0,1200,Validation
/data/i5O/i5OData/undercover-left/videos/20220822/110511.mp4,left,20220822,110511,11.65,103.0,1200,Test
/data/i5O/i5OData/undercover-left/videos/20220822/104853.mp4,left,20220822,104853,10.53,114.0,1200,Validation
/data/i5O/i5OData/undercover-left/videos/20220822/122500.mp4,left,20220822,122500,11.21,107.0,1200,Validation
/data/i5O/i5OData/undercover-left/videos/20220822/110135.mp4,left,20220822,110135,9.45,127.0,1200,Validation_unlabel
/data/i5O/i5OData/undercover-left/videos/20220822/072255.mp4,left,20220822,072255,8.82,135.99,1200,Validation_unlabel
/data/i5O/i5OData/undercover-left/videos/20220822/100823.mp4,left,20220822,100823,12.5,96.0,1200,Test
/data/i5O/i5OData/undercover-left/videos/20220822/093643.mp4,left,20220822,093643,11.21,107.0,1200,Validation
/data/i5O/i5OData/undercover-left/videos/20220822/071549.mp4,left,20220822,071549,11.32,106.01,1200,Validation
/data/i5O/i5OData/undercover-left/videos/20220905/075128.mp4,left,20220905,075128,9.3,129.0,1200,Validation
/data/i5O/i5OData/undercover-left/videos/20220905/111403.mp4,left,20220905,111403,10.44,115.0,1200,Validation
/data/i5O/i5OData/undercover-left/videos/20220905/143313.mp4,left,20220905,143313,11.11,108.0,1200,Test
/data/i5O/i5OData/undercover-left/videos/20220905/122355.mp4,left,20220905,122355,7.84,153.0,1200,Validation
/data/i5O/i5OData/undercover-left/videos/20220905/084930.mp4,left,20220905,084930,10.08,119.0,1200,Validation
/data/i5O/i5OData/undercover-left/videos/20220905/104432.mp4,left,20220905,104432,11.65,103.0,1200,Validation_unlabel
/data/i5O/i5OData/undercover-left/videos/20220905/101327.mp4,left,20220905,101327,12.0,100.0,1200,Validation_unlabel
/data/i5O/i5OData/undercover-left/videos/20220905/093957.mp4,left,20220905,093957,9.68,124.01,1200,Test
/data/i5O/i5OData/undercover-left/videos/20220905/083238.mp4,left,20220905,083238,12.77,94.0,1200,Validation
/data/i5O/i5OData/undercover-left/videos/20220905/080928.mp4,left,20220905,080928,12.5,96.0,1200,Validation
/data/i5O/i5OData/undercover-left/videos/20220905/071735.mp4,left,20220905,071735,10.91,109.99,1200,Validation
/data/i5O/i5OData/undercover-left/videos/20220804/110712.mp4,left,20220804,110712,12.5,96.0,1200,Validation
/data/i5O/i5OData/undercover-left/videos/20220804/163459.mp4,left,20220804,163459,8.63,139.0,1200,Test
/data/i5O/i5OData/undercover-left/videos/20220804/125327.mp4,left,20220804,125327,10.08,119.0,1200,Validation
/data/i5O/i5OData/undercover-left/videos/20220804/154932.mp4,left,20220804,154932,11.54,104.0,1200,Validation
/data/i5O/i5OData/undercover-left/videos/20220804/095239.mp4,left,20220804,095239,8.33,144.01,1200,Validation_unlabel
/data/i5O/i5OData/undercover-left/videos/20220804/104101.mp4,left,20220804,104101,12.37,97.0,1200,Validation_unlabel
/data/i5O/i5OData/undercover-left/videos/20220804/101504.mp4,left,20220804,101504,12.5,96.0,1200,Test
/data/i5O/i5OData/undercover-left/videos/20220804/090916.mp4,left,20220804,090916,12.12,99.0,1200,Validation
/data/i5O/i5OData/undercover-left/videos/20220804/082900.mp4,left,20220804,082900,7.84,153.0,1200,Validation
/data/i5O/i5OData/undercover-left/videos/20220804/081541.mp4,left,20220804,081541,11.21,107.0,1200,Validation
/data/i5O/i5OData/undercover-left/videos/20220804/073039.mp4,left,20220804,073039,13.48,89.0,1200,Validation
/data/i5O/i5OData/undercover-left/videos/20220804/080114.mp4,left,20220804,080114,8.82,135.99,1200,Test
/data/i5O/i5OData/undercover-left/videos/20220809/171733.mp4,left,20220809,171733,13.64,88.0,1200,Validation
/data/i5O/i5OData/undercover-left/videos/20220809/163301.mp4,left,20220809,163301,13.95,86.0,1200,Validation
/data/i5O/i5OData/undercover-left/videos/20220809/164605.mp4,left,20220809,164605,13.04,92.0,1200,Validation_unlabel
/data/i5O/i5OData/undercover-left/videos/20220809/161336.mp4,left,20220809,161336,12.37,97.0,1200,Validation_unlabel
/data/i5O/i5OData/undercover-left/videos/20220809/154802.mp4,left,20220809,154802,11.88,101.0,1200,Test
/data/i5O/i5OData/undercover-left/videos/20220809/143040.mp4,left,20220809,143040,13.33,90.0,1200,Validation
/data/i5O/i5OData/undercover-left/videos/20220809/110410.mp4,left,20220809,110410,11.32,106.01,1200,Validation
/data/i5O/i5OData/undercover-left/videos/20220809/101051.mp4,left,20220809,101051,9.68,124.01,1200,Validation
/data/i5O/i5OData/undercover-left/videos/20220809/133551.mp4,left,20220809,133551,13.48,89.0,1200,Validation
/data/i5O/i5OData/undercover-left/videos/20220809/124717.mp4,left,20220809,124717,9.16,131.0,1200,Test
/data/i5O/i5OData/undercover-left/videos/20220809/123257.mp4,left,20220809,123257,9.3,129.0,1200,Validation
/data/i5O/i5OData/undercover-left/videos/20220809/084242.mp4,left,20220809,084242,13.33,90.0,1200,Validation
/data/i5O/i5OData/undercover-left/videos/20220704/180735.mp4,left,20220704,180735,12.77,94.0,1200,Validation
/data/i5O/i5OData/undercover-left/videos/20220704/145515.mp4,left,20220704,145515,6.67,179.99,1200,Validation
/data/i5O/i5OData/undercover-left/videos/20220704/144820.mp4,left,20220704,144820,2.89,414.94,1200,Test
/data/i5O/i5OData/undercover-left/videos/20220704/162752.mp4,left,20220704,162752,9.02,132.99,1200,Validation
/data/i5O/i5OData/undercover-left/videos/20220704/111436.mp4,left,20220704,111436,13.19,91.0,1200,Validation
/data/i5O/i5OData/undercover-left/videos/20220704/095105.mp4,left,20220704,095105,8.28,145.0,1200,Validation
/data/i5O/i5OData/undercover-left/videos/20220704/104238.mp4,left,20220704,104238,8.57,140.01,1200,Validation
/data/i5O/i5OData/undercover-left/videos/20220704/091232.mp4,left,20220704,091232,8.39,142.99,1200,Test
/data/i5O/i5OData/undercover-left/videos/20220704/093859.mp4,left,20220704,093859,13.79,87.0,1200,Validation
/data/i5O/i5OData/undercover-left/videos/20220704/130049.mp4,left,20220704,130049,12.63,95.0,1200,Validation
/data/i5O/i5OData/undercover-left/videos/20220704/073756.mp4,left,20220704,073756,7.36,163.0,1200,Validation_unlabel
/data/i5O/i5OData/undercover-left/videos/20220704/084232.mp4,left,20220704,084232,14.12,85.0,1200,Validation_unlabel
/data/i5O/i5OData/undercover-left/videos/20220712/171922.mp4,left,20220712,171922,13.04,92.0,1200,Test
/data/i5O/i5OData/undercover-left/videos/20220712/150630.mp4,left,20220712,150630,10.08,119.0,1200,Validation
/data/i5O/i5OData/undercover-left/videos/20220712/173108.mp4,left,20220712,173108,13.95,86.0,1200,Validation
/data/i5O/i5OData/undercover-left/videos/20220712/153812.mp4,left,20220712,153812,9.92,121.0,1200,Validation
/data/i5O/i5OData/undercover-left/videos/20220712/143335.mp4,left,20220712,143335,13.64,88.0,1200,Validation
/data/i5O/i5OData/undercover-left/videos/20220712/105827.mp4,left,20220712,105827,12.63,95.0,1200,Test
/data/i5O/i5OData/undercover-left/videos/20220712/141810.mp4,left,20220712,141810,11.11,108.0,1200,Validation
/data/i5O/i5OData/undercover-left/videos/20220712/105157.mp4,left,20220712,105157,10.81,111.01,1200,Validation
/data/i5O/i5OData/undercover-left/videos/20220712/122550.mp4,left,20220712,122550,11.21,107.0,1200,Validation_unlabel
/data/i5O/i5OData/undercover-left/videos/20220712/093439.mp4,left,20220712,093439,13.64,88.0,1200,Validation_unlabel
/data/i5O/i5OData/undercover-left/videos/20220712/092632.mp4,left,20220712,092632,9.6,125.0,1200,Test
/data/i5O/i5OData/undercover-left/videos/20220712/092430.mp4,left,20220712,092430,9.84,122.0,1200,Validation
/data/i5O/i5OData/undercover-left/videos/20220712/083824.mp4,left,20220712,083824,13.33,90.0,1200,Validation
/data/i5O/i5OData/undercover-right/videos/20220418/123131.mp4,right,20220418,123131,17.91,67.0,1200,Validation
/data/i5O/i5OData/undercover-right/videos/20220418/123451.mp4,right,20220418,123451,17.91,67.0,1200,Validation
/data/i5O/i5OData/undercover-right/videos/20220418/125026.mp4,right,20220418,125026,18.18,66.0,1200,Test
/data/i5O/i5OData/undercover-right/videos/20220418/193255.mp4,right,20220418,193255,17.65,68.0,1200,Validation
/data/i5O/i5OData/undercover-right/videos/20220418/200114.mp4,right,20220418,200114,17.91,67.0,1200,Validation
/data/i5O/i5OData/undercover-right/videos/20220418/201120.mp4,right,20220418,201120,17.65,68.0,1200,Validation_unlabel
/data/i5O/i5OData/undercover-right/videos/20220418/202234.mp4,right,20220418,202234,17.91,67.0,1200,Validation_unlabel
/data/i5O/i5OData/undercover-right/videos/20220418/204350.mp4,right,20220418,204350,17.65,68.0,1200,Test
/data/i5O/i5OData/undercover-right/videos/20220418/205248.mp4,right,20220418,205248,17.91,67.0,1200,Validation
/data/i5O/i5OData/undercover-right/videos/20220418/215408.mp4,right,20220418,215408,17.91,67.0,1200,Validation
/data/i5O/i5OData/undercover-right/videos/20220418/221305.mp4,right,20220418,221305,18.18,66.0,1200,Validation
/data/i5O/i5OData/undercover-right/videos/20220419/073148.mp4,right,20220419,073148,17.91,67.0,1200,Validation
/data/i5O/i5OData/undercover-right/videos/20220419/091151.mp4,right,20220419,091151,17.65,68.0,1200,Test
/data/i5O/i5OData/undercover-right/videos/20220419/141957.mp4,right,20220419,141957,17.91,67.0,1200,Validation
/data/i5O/i5OData/undercover-right/videos/20220419/175214.mp4,right,20220419,175214,17.91,67.0,1200,Validation
/data/i5O/i5OData/undercover-right/videos/20220419/182222.mp4,right,20220419,182222,17.91,67.0,1200,Validation_unlabel
/data/i5O/i5OData/undercover-right/videos/20220419/184653.mp4,right,20220419,184653,17.91,67.0,1200,Validation_unlabel
/data/i5O/i5OData/undercover-right/videos/20220419/190015.mp4,right,20220419,190015,17.91,67.0,1200,Test
/data/i5O/i5OData/undercover-right/videos/20220419/191657.mp4,right,20220419,191657,17.91,67.0,1200,Validation
/data/i5O/i5OData/undercover-right/videos/20220419/193340.mp4,right,20220419,193340,17.91,67.0,1200,Validation
/data/i5O/i5OData/undercover-right/videos/20220419/203928.mp4,right,20220419,203928,17.91,67.0,1200,Validation
/data/i5O/i5OData/undercover-right/videos/20220419/222436.mp4,right,20220419,222436,17.91,67.0,1200,Validation
/data/i5O/i5OData/undercover-right/videos/20220419/225802.mp4,right,20220419,225802,17.91,67.0,1200,Test
/data/i5O/i5OData/undercover-right/videos/20220419/231805.mp4,right,20220419,231805,17.91,67.0,1200,Validation
/data/i5O/i5OData/undercover-right/videos/20220420/063713.mp4,right,20220420,063713,17.91,67.0,1200,Validation
/data/i5O/i5OData/undercover-right/videos/20220420/063820.mp4,right,20220420,063820,17.91,67.0,1200,Validation_unlabel
/data/i5O/i5OData/undercover-right/videos/20220420/064247.mp4,right,20220420,064247,17.91,67.0,1200,Validation_unlabel
/data/i5O/i5OData/undercover-right/videos/20220420/065716.mp4,right,20220420,065716,17.91,67.0,1200,Test
/data/i5O/i5OData/undercover-right/videos/20220420/071359.mp4,right,20220420,071359,18.18,66.0,1200,Validation
/data/i5O/i5OData/undercover-right/videos/20220420/072253.mp4,right,20220420,072253,17.91,67.0,1200,Validation
/data/i5O/i5OData/undercover-right/videos/20220420/073722.mp4,right,20220420,073722,18.18,66.0,1200,Validation
/data/i5O/i5OData/undercover-right/videos/20220420/083623.mp4,right,20220420,083623,17.91,67.0,1200,Validation
/data/i5O/i5OData/undercover-right/videos/20220420/084304.mp4,right,20220420,084304,17.91,67.0,1200,Test
/data/i5O/i5OData/undercover-right/videos/20220420/084731.mp4,right,20220420,084731,17.91,67.0,1200,Validation
/data/i5O/i5OData/undercover-right/videos/20220420/092054.mp4,right,20220420,092054,17.91,67.0,1200,Validation
/data/i5O/i5OData/undercover-right/videos/20220420/094849.mp4,right,20220420,094849,17.91,67.0,1200,Validation
/data/i5O/i5OData/undercover-right/videos/20220420/101435.mp4,right,20220420,101435,17.91,67.0,1200,Validation
/data/i5O/i5OData/undercover-right/videos/20220420/101904.mp4,right,20220420,101904,17.91,67.0,1200,Test
/data/i5O/i5OData/undercover-right/videos/20220420/105559.mp4,right,20220420,105559,17.91,67.0,1200,Validation
/data/i5O/i5OData/undercover-right/videos/20220420/110454.mp4,right,20220420,110454,17.91,67.0,1200,Validation
/data/i5O/i5OData/undercover-right/videos/20220420/110708.mp4,right,20220420,110708,18.18,66.0,1200,Validation
/data/i5O/i5OData/undercover-right/videos/20220420/111135.mp4,right,20220420,111135,17.91,67.0,1200,Validation
/data/i5O/i5OData/undercover-right/videos/20220420/122400.mp4,right,20220420,122400,17.91,67.0,1200,Test
/data/i5O/i5OData/undercover-right/videos/20220420/123937.mp4,right,20220420,123937,18.18,66.0,1200,Validation
/data/i5O/i5OData/undercover-right/videos/20220420/124618.mp4,right,20220420,124618,17.91,67.0,1200,Validation
/data/i5O/i5OData/undercover-right/videos/20220420/131411.mp4,right,20220420,131411,17.91,67.0,1200,Validation_unlabel
/data/i5O/i5OData/undercover-right/videos/20220420/131732.mp4,right,20220420,131732,17.91,67.0,1200,Validation_unlabel
/data/i5O/i5OData/undercover-right/videos/20220420/135651.mp4,right,20220420,135651,17.91,67.0,1200,Test
/data/i5O/i5OData/undercover-right/videos/20220420/141128.mp4,right,20220420,141128,17.91,67.0,1200,Validation
/data/i5O/i5OData/undercover-right/videos/20220420/141450.mp4,right,20220420,141450,17.91,67.0,1200,Validation
/data/i5O/i5OData/undercover-right/videos/20220420/141811.mp4,right,20220420,141811,17.91,67.0,1200,Validation
/data/i5O/i5OData/undercover-right/videos/20220420/142347.mp4,right,20220420,142347,17.91,67.0,1200,Validation
/data/i5O/i5OData/undercover-right/videos/20220420/144142.mp4,right,20220420,144142,17.91,67.0,1200,Test
/data/i5O/i5OData/undercover-right/videos/20220420/145721.mp4,right,20220420,145721,17.91,67.0,1200,Validation
/data/i5O/i5OData/undercover-right/videos/20220420/145828.mp4,right,20220420,145828,17.91,67.0,1200,Validation
/data/i5O/i5OData/undercover-right/videos/20220420/150511.mp4,right,20220420,150511,17.91,67.0,1200,Validation_unlabel
/data/i5O/i5OData/undercover-right/videos/20220420/151301.mp4,right,20220420,151301,17.91,67.0,1200,Validation_unlabel
/data/i5O/i5OData/undercover-right/videos/20220420/151622.mp4,right,20220420,151622,17.91,67.0,1200,Test
/data/i5O/i5OData/undercover-right/videos/20220420/170752.mp4,right,20220420,170752,17.91,67.0,1200,Validation
/data/i5O/i5OData/undercover-right/videos/20220420/172226.mp4,right,20220420,172226,17.91,67.0,1200,Validation
/data/i5O/i5OData/undercover-right/videos/20220420/173552.mp4,right,20220420,173552,17.91,67.0,1200,Validation
/data/i5O/i5OData/undercover-right/videos/20220420/173806.mp4,right,20220420,173806,17.65,68.0,1200,Validation
/data/i5O/i5OData/undercover-right/videos/20220420/174128.mp4,right,20220420,174128,17.91,67.0,1200,Test
/data/i5O/i5OData/undercover-right/videos/20220420/182829.mp4,right,20220420,182829,17.91,67.0,1200,Validation
/data/i5O/i5OData/undercover-right/videos/20220420/192915.mp4,right,20220420,192915,17.91,67.0,1200,Validation
/data/i5O/i5OData/undercover-right/videos/20220420/193129.mp4,right,20220420,193129,17.91,67.0,1200,Validation_unlabel
/data/i5O/i5OData/undercover-right/videos/20220420/195244.mp4,right,20220420,195244,17.91,67.0,1200,Validation_unlabel
/data/i5O/i5OData/undercover-right/videos/20220420/195605.mp4,right,20220420,195605,17.91,67.0,1200,Test
/data/i5O/i5OData/undercover-right/videos/20220420/195926.mp4,right,20220420,195926,17.91,67.0,1200,Validation
/data/i5O/i5OData/undercover-right/videos/20220420/201933.mp4,right,20220420,201933,17.91,67.0,1200,Validation
/data/i5O/i5OData/undercover-right/videos/20220420/203256.mp4,right,20220420,203256,17.91,67.0,1200,Validation
/data/i5O/i5OData/undercover-right/videos/20220420/205517.mp4,right,20220420,205517,17.91,67.0,1200,Validation
/data/i5O/i5OData/undercover-right/videos/20220420/215550.mp4,right,20220420,215550,17.65,68.0,1200,Test
/data/i5O/i5OData/undercover-right/videos/20220420/220557.mp4,right,20220420,220557,17.91,67.0,1200,Validation
/data/i5O/i5OData/undercover-right/videos/20220420/220919.mp4,right,20220420,220919,17.65,68.0,1200,Validation
/data/i5O/i5OData/undercover-right/videos/20220420/222246.mp4,right,20220420,222246,17.65,68.0,1200,Validation_unlabel
/data/i5O/i5OData/undercover-right/videos/20220420/222715.mp4,right,20220420,222715,17.91,67.0,1200,Validation_unlabel
/data/i5O/i5OData/undercover-right/videos/20220420/223036.mp4,right,20220420,223036,17.65,68.0,1200,Test
/data/i5O/i5OData/undercover-right/videos/20220420/223358.mp4,right,20220420,223358,17.91,67.0,1200,Validation
/data/i5O/i5OData/undercover-right/videos/20220420/224147.mp4,right,20220420,224147,17.91,67.0,1200,Validation
/data/i5O/i5OData/undercover-right/videos/20220420/224508.mp4,right,20220420,224508,17.65,68.0,1200,Validation
/data/i5O/i5OData/undercover-right/videos/20220420/224723.mp4,right,20220420,224723,17.91,67.0,1200,Validation
/data/i5O/i5OData/undercover-right/videos/20220420/225044.mp4,right,20220420,225044,17.91,67.0,1200,Test
/data/i5O/i5OData/undercover-right/videos/20220420/230622.mp4,right,20220420,230622,17.91,67.0,1200,Validation
/data/i5O/i5OData/undercover-right/videos/20220420/231157.mp4,right,20220420,231157,17.91,67.0,1200,Validation
/data/i5O/i5OData/undercover-right/videos/20220421/064510.mp4,right,20220421,064510,17.91,67.0,1200,Validation_unlabel
/data/i5O/i5OData/undercover-right/videos/20220421/070311.mp4,right,20220421,070311,17.91,67.0,1200,Validation_unlabel
/data/i5O/i5OData/undercover-right/videos/20220421/071745.mp4,right,20220421,071745,17.65,68.0,1200,Test
/data/i5O/i5OData/undercover-right/videos/20220421/072107.mp4,right,20220421,072107,17.91,67.0,1200,Validation
/data/i5O/i5OData/undercover-right/videos/20220421/074650.mp4,right,20220421,074650,17.91,67.0,1200,Validation
/data/i5O/i5OData/undercover-right/videos/20220421/075800.mp4,right,20220421,075800,17.91,67.0,1200,Validation
/data/i5O/i5OData/undercover-right/videos/20220421/080803.mp4,right,20220421,080803,17.91,67.0,1200,Validation
/data/i5O/i5OData/undercover-right/videos/20220421/081124.mp4,right,20220421,081124,17.91,67.0,1200,Test
/data/i5O/i5OData/undercover-right/videos/20220421/081552.mp4,right,20220421,081552,17.91,67.0,1200,Validation
/data/i5O/i5OData/undercover-right/videos/20220421/082020.mp4,right,20220421,082020,18.18,66.0,1200,Validation
/data/i5O/i5OData/undercover-right/videos/20220421/082701.mp4,right,20220421,082701,17.91,67.0,1200,Validation
/data/i5O/i5OData/undercover-right/videos/20220421/083022.mp4,right,20220421,083022,17.91,67.0,1200,Validation
/data/i5O/i5OData/undercover-right/videos/20220421/093728.mp4,right,20220421,093728,17.65,68.0,1200,Test
/data/i5O/i5OData/undercover-right/videos/20220421/093836.mp4,right,20220421,093836,17.91,67.0,1200,Validation
/data/i5O/i5OData/undercover-right/videos/20220421/094950.mp4,right,20220421,094950,17.65,68.0,1200,Validation
/data/i5O/i5OData/undercover-right/videos/20220421/095312.mp4,right,20220421,095312,17.65,68.0,1200,Validation
/data/i5O/i5OData/undercover-right/videos/20220421/095635.mp4,right,20220421,095635,17.91,67.0,1200,Validation
/data/i5O/i5OData/undercover-right/videos/20220421/101215.mp4,right,20220421,101215,17.91,67.0,1200,Test
/data/i5O/i5OData/undercover-right/videos/20220421/103435.mp4,right,20220421,103435,17.91,67.0,1200,Validation
/data/i5O/i5OData/undercover-right/videos/20220421/105334.mp4,right,20220421,105334,17.91,67.0,1200,Validation
/data/i5O/i5OData/undercover-right/videos/20220421/105548.mp4,right,20220421,105548,17.91,67.0,1200,Validation_unlabel
/data/i5O/i5OData/undercover-right/videos/20220421/111808.mp4,right,20220421,111808,17.91,67.0,1200,Validation_unlabel
/data/i5O/i5OData/undercover-right/videos/20220421/122051.mp4,right,20220421,122051,17.91,67.0,1200,Test
/data/i5O/i5OData/undercover-right/videos/20220421/124424.mp4,right,20220421,124424,17.91,67.0,1200,Validation
/data/i5O/i5OData/undercover-right/videos/20220421/130221.mp4,right,20220421,130221,17.91,67.0,1200,Validation
/data/i5O/i5OData/undercover-right/videos/20220421/132340.mp4,right,20220421,132340,17.91,67.0,1200,Validation
/data/i5O/i5OData/undercover-right/videos/20220421/133130.mp4,right,20220421,133130,17.91,67.0,1200,Validation
/data/i5O/i5OData/undercover-right/videos/20220421/145401.mp4,right,20220421,145401,17.91,67.0,1200,Test
/data/i5O/i5OData/undercover-right/videos/20220421/171734.mp4,right,20220421,171734,17.91,67.0,1200,Validation
/data/i5O/i5OData/undercover-right/videos/20220421/172844.mp4,right,20220421,172844,17.91,67.0,1200,Validation
/data/i5O/i5OData/undercover-right/videos/20220421/173312.mp4,right,20220421,173312,17.91,67.0,1200,Validation_unlabel
/data/i5O/i5OData/undercover-right/videos/20220421/180747.mp4,right,20220421,180747,17.91,67.0,1200,Validation_unlabel
/data/i5O/i5OData/undercover-right/videos/20220421/180854.mp4,right,20220421,180854,17.91,67.0,1200,Test
/data/i5O/i5OData/undercover-right/videos/20220421/182110.mp4,right,20220421,182110,18.18,66.0,1200,Validation
/data/i5O/i5OData/undercover-right/videos/20220421/194253.mp4,right,20220421,194253,17.91,67.0,1200,Validation
/data/i5O/i5OData/undercover-right/videos/20220421/195044.mp4,right,20220421,195044,17.65,68.0,1200,Validation
/data/i5O/i5OData/undercover-right/videos/20220421/203854.mp4,right,20220421,203854,17.91,67.0,1200,Validation
/data/i5O/i5OData/undercover-right/videos/20220421/204322.mp4,right,20220421,204322,17.91,67.0,1200,Test
/data/i5O/i5OData/undercover-right/videos/20220421/204751.mp4,right,20220421,204751,17.91,67.0,1200,Validation
/data/i5O/i5OData/undercover-right/videos/20220421/205005.mp4,right,20220421,205005,17.91,67.0,1200,Validation
/data/i5O/i5OData/undercover-right/videos/20220422/065954.mp4,right,20220422,065954,17.91,67.0,1200,Validation_unlabel
/data/i5O/i5OData/undercover-right/videos/20220422/072007.mp4,right,20220422,072007,17.65,68.0,1200,Validation_unlabel
/data/i5O/i5OData/undercover-right/videos/20220422/083319.mp4,right,20220422,083319,17.91,67.0,1200,Test
/data/i5O/i5OData/undercover-right/videos/20220422/084904.mp4,right,20220422,084904,17.91,67.0,1200,Validation
/data/i5O/i5OData/undercover-right/videos/20220422/094210.mp4,right,20220422,094210,17.65,68.0,1200,Validation
/data/i5O/i5OData/undercover-right/videos/20220422/103310.mp4,right,20220422,103310,17.91,67.0,1200,Validation
/data/i5O/i5OData/undercover-right/videos/20220422/104319.mp4,right,20220422,104319,17.91,67.0,1200,Validation
/data/i5O/i5OData/undercover-right/videos/20220422/104750.mp4,right,20220422,104750,17.91,67.0,1200,Test
/data/i5O/i5OData/undercover-right/videos/20220422/110342.mp4,right,20220422,110342,17.65,68.0,1200,Validation
/data/i5O/i5OData/undercover-right/videos/20220422/122138.mp4,right,20220422,122138,17.91,67.0,1200,Validation
/data/i5O/i5OData/undercover-right/videos/20220422/122820.mp4,right,20220422,122820,17.91,67.0,1200,Validation_unlabel
/data/i5O/i5OData/undercover-right/videos/20220422/122927.mp4,right,20220422,122927,17.91,67.0,1200,Validation_unlabel
/data/i5O/i5OData/undercover-right/videos/20220422/123931.mp4,right,20220422,123931,17.65,68.0,1200,Test
/data/i5O/i5OData/undercover-right/videos/20220422/124039.mp4,right,20220422,124039,17.91,67.0,1200,Validation
/data/i5O/i5OData/undercover-right/videos/20220422/130045.mp4,right,20220422,130045,17.91,67.0,1200,Validation
/data/i5O/i5OData/undercover-right/videos/20220422/130406.mp4,right,20220422,130406,18.18,66.0,1200,Validation
/data/i5O/i5OData/undercover-right/videos/20220422/135200.mp4,right,20220422,135200,17.91,67.0,1200,Validation
/data/i5O/i5OData/undercover-right/videos/20220422/140415.mp4,right,20220422,140415,17.91,67.0,1200,Test
/data/i5O/i5OData/undercover-right/videos/20220422/181750.mp4,right,20220422,181750,17.91,67.0,1200,Validation
/data/i5O/i5OData/undercover-right/videos/20220422/181857.mp4,right,20220422,181857,17.65,68.0,1200,Validation
/data/i5O/i5OData/undercover-right/videos/20220422/183659.mp4,right,20220422,183659,17.65,68.0,1200,Validation_unlabel
/data/i5O/i5OData/undercover-right/videos/20220422/185615.mp4,right,20220422,185615,17.65,68.0,1200,Validation_unlabel
/data/i5O/i5OData/undercover-right/videos/20220422/185939.mp4,right,20220422,185939,17.65,68.0,1200,Test
/data/i5O/i5OData/undercover-right/videos/20220422/200301.mp4,right,20220422,200301,17.65,68.0,1200,Validation
/data/i5O/i5OData/undercover-right/videos/20220422/200841.mp4,right,20220422,200841,17.65,68.0,1200,Validation
/data/i5O/i5OData/undercover-right/videos/20220422/201206.mp4,right,20220422,201206,17.65,68.0,1200,Validation
/data/i5O/i5OData/undercover-right/videos/20220422/201639.mp4,right,20220422,201639,17.65,68.0,1200,Validation
/data/i5O/i5OData/undercover-right/videos/20220422/202004.mp4,right,20220422,202004,17.65,68.0,1200,Test
/data/i5O/i5OData/undercover-right/videos/20220422/202330.mp4,right,20220422,202330,17.65,68.0,1200,Validation
/data/i5O/i5OData/undercover-right/videos/20220422/203237.mp4,right,20220422,203237,17.65,68.0,1200,Validation
/data/i5O/i5OData/undercover-right/videos/20220422/203925.mp4,right,20220422,203925,17.65,68.0,1200,Validation
/data/i5O/i5OData/undercover-right/videos/20220422/204248.mp4,right,20220422,204248,17.65,68.0,1200,Validation
/data/i5O/i5OData/undercover-right/videos/20220422/204719.mp4,right,20220422,204719,17.65,68.0,1200,Test
/data/i5O/i5OData/undercover-right/videos/20220422/205405.mp4,right,20220422,205405,17.91,67.0,1200,Validation
/data/i5O/i5OData/undercover-right/videos/20220422/215506.mp4,right,20220422,215506,17.91,67.0,1200,Validation
/data/i5O/i5OData/undercover-right/videos/20220422/224754.mp4,right,20220422,224754,17.91,67.0,1200,Validation
/data/i5O/i5OData/undercover-right/videos/20220422/225437.mp4,right,20220422,225437,17.91,67.0,1200,Validation
/data/i5O/i5OData/undercover-right/videos/20220422/231442.mp4,right,20220422,231442,17.91,67.0,1200,Test
/data/i5O/i5OData/undercover-right/videos/20220422/232123.mp4,right,20220422,232123,17.91,67.0,1200,Validation
/data/i5O/i5OData/undercover-right/videos/20220422/233804.mp4,right,20220422,233804,17.91,67.0,1200,Validation
/data/i5O/i5OData/undercover-right/videos/20220422/234659.mp4,right,20220422,234659,17.91,67.0,1200,Validation_unlabel
/data/i5O/i5OData/undercover-right/videos/20220425/072708.mp4,right,20220425,072708,17.91,67.0,1200,Validation_unlabel
/data/i5O/i5OData/undercover-right/videos/20220425/073818.mp4,right,20220425,073818,17.91,67.0,1200,Test
/data/i5O/i5OData/undercover-right/videos/20220425/073925.mp4,right,20220425,073925,17.91,67.0,1200,Validation
/data/i5O/i5OData/undercover-right/videos/20220425/080504.mp4,right,20220425,080504,17.91,67.0,1200,Validation
/data/i5O/i5OData/undercover-right/videos/20220425/082254.mp4,right,20220425,082254,18.18,66.0,1200,Validation
/data/i5O/i5OData/undercover-right/videos/20220425/090619.mp4,right,20220425,090619,17.91,67.0,1200,Validation
/data/i5O/i5OData/undercover-right/videos/20220425/092048.mp4,right,20220425,092048,17.91,67.0,1200,Test
/data/i5O/i5OData/undercover-right/videos/20220425/095414.mp4,right,20220425,095414,17.91,67.0,1200,Validation
/data/i5O/i5OData/undercover-right/videos/20220425/104434.mp4,right,20220425,104434,17.91,67.0,1200,Validation
/data/i5O/i5OData/undercover-right/videos/20220425/104903.mp4,right,20220425,104903,17.91,67.0,1200,Validation_unlabel
/data/i5O/i5OData/undercover-right/videos/20220425/110227.mp4,right,20220425,110227,17.91,67.0,1200,Validation_unlabel
/data/i5O/i5OData/undercover-right/videos/20220425/111911.mp4,right,20220425,111911,17.91,67.0,1200,Test
/data/i5O/i5OData/undercover-right/videos/20220425/121935.mp4,right,20220425,121935,17.91,67.0,1200,Validation
/data/i5O/i5OData/undercover-right/videos/20220425/122939.mp4,right,20220425,122939,17.91,67.0,1200,Validation
/data/i5O/i5OData/undercover-right/videos/20220425/135555.mp4,right,20220425,135555,17.91,67.0,1200,Validation
/data/i5O/i5OData/undercover-right/videos/20220425/140237.mp4,right,20220425,140237,17.91,67.0,1200,Validation
/data/i5O/i5OData/undercover-right/videos/20220425/142456.mp4,right,20220425,142456,18.18,66.0,1200,Test
/data/i5O/i5OData/undercover-right/videos/20220425/143351.mp4,right,20220425,143351,18.18,66.0,1200,Validation
/data/i5O/i5OData/undercover-right/videos/20220425/143818.mp4,right,20220425,143818,17.91,67.0,1200,Validation
/data/i5O/i5OData/undercover-right/videos/20220425/145034.mp4,right,20220425,145034,17.91,67.0,1200,Validation_unlabel
/data/i5O/i5OData/undercover-right/videos/20220425/145141.mp4,right,20220425,145141,17.91,67.0,1200,Validation_unlabel
/data/i5O/i5OData/undercover-right/videos/20220425/151256.mp4,right,20220425,151256,17.91,67.0,1200,Test
/data/i5O/i5OData/undercover-right/videos/20220425/172359.mp4,right,20220425,172359,17.65,68.0,1200,Validation
/data/i5O/i5OData/undercover-right/videos/20220425/172507.mp4,right,20220425,172507,17.39,69.0,1200,Validation
/data/i5O/i5OData/undercover-right/videos/20220425/173303.mp4,right,20220425,173303,17.39,69.0,1200,Validation
/data/i5O/i5OData/undercover-right/videos/20220425/173520.mp4,right,20220425,173520,17.65,68.0,1200,Validation
/data/i5O/i5OData/undercover-right/videos/20220425/174318.mp4,right,20220425,174318,17.65,68.0,1200,Test
/data/i5O/i5OData/undercover-right/videos/20220425/184734.mp4,right,20220425,184734,17.91,67.0,1200,Validation
/data/i5O/i5OData/undercover-right/videos/20220425/185523.mp4,right,20220425,185523,17.91,67.0,1200,Validation
/data/i5O/i5OData/undercover-right/videos/20220425/185844.mp4,right,20220425,185844,17.91,67.0,1200,Validation_unlabel
/data/i5O/i5OData/undercover-right/videos/20220425/192421.mp4,right,20220425,192421,17.91,67.0,1200,Validation_unlabel
/data/i5O/i5OData/undercover-right/videos/20220425/193209.mp4,right,20220425,193209,18.18,66.0,1200,Test
/data/i5O/i5OData/undercover-right/videos/20220425/204900.mp4,right,20220425,204900,17.91,67.0,1200,Validation
/data/i5O/i5OData/undercover-right/videos/20220425/205007.mp4,right,20220425,205007,17.91,67.0,1200,Validation
/data/i5O/i5OData/undercover-right/videos/20220425/205220.mp4,right,20220425,205220,17.91,67.0,1200,Validation
/data/i5O/i5OData/undercover-right/videos/20220425/214920.mp4,right,20220425,214920,17.91,67.0,1200,Validation
/data/i5O/i5OData/undercover-right/videos/20220425/221937.mp4,right,20220425,221937,17.91,67.0,1200,Test
/data/i5O/i5OData/undercover-right/videos/20220425/224834.mp4,right,20220425,224834,18.18,66.0,1200,Validation
/data/i5O/i5OData/undercover-right/videos/20220425/225154.mp4,right,20220425,225154,17.91,67.0,1200,Validation
/data/i5O/i5OData/undercover-right/videos/20220425/225301.mp4,right,20220425,225301,17.91,67.0,1200,Validation_unlabel
/data/i5O/i5OData/undercover-right/videos/20220425/225942.mp4,right,20220425,225942,17.91,67.0,1200,Validation_unlabel
/data/i5O/i5OData/undercover-right/videos/20220425/230302.mp4,right,20220425,230302,17.91,67.0,1200,Test
/data/i5O/i5OData/undercover-right/videos/20220425/231624.mp4,right,20220425,231624,17.91,67.0,1200,Validation
/data/i5O/i5OData/undercover-right/videos/20220425/233413.mp4,right,20220425,233413,17.91,67.0,1200,Validation
/data/i5O/i5OData/undercover-right/videos/20220426/064129.mp4,right,20220426,064129,17.91,67.0,1200,Validation
/data/i5O/i5OData/undercover-right/videos/20220426/065815.mp4,right,20220426,065815,17.91,67.0,1200,Validation
/data/i5O/i5OData/undercover-right/videos/20220426/065922.mp4,right,20220426,065922,17.65,68.0,1200,Test
/data/i5O/i5OData/undercover-right/videos/20220426/070351.mp4,right,20220426,070351,17.65,68.0,1200,Validation
/data/i5O/i5OData/undercover-right/videos/20220426/071143.mp4,right,20220426,071143,17.65,68.0,1200,Validation
/data/i5O/i5OData/undercover-right/videos/20220426/071358.mp4,right,20220426,071358,17.91,67.0,1200,Validation
/data/i5O/i5OData/undercover-right/videos/20220426/072514.mp4,right,20220426,072514,17.91,67.0,1200,Validation
/data/i5O/i5OData/undercover-right/videos/20220426/072944.mp4,right,20220426,072944,17.91,67.0,1200,Test
/data/i5O/i5OData/undercover-right/videos/20220426/073307.mp4,right,20220426,073307,17.91,67.0,1200,Validation
/data/i5O/i5OData/undercover-right/videos/20220426/073629.mp4,right,20220426,073629,17.91,67.0,1200,Validation
/data/i5O/i5OData/undercover-right/videos/20220426/073843.mp4,right,20220426,073843,17.65,68.0,1200,Validation
/data/i5O/i5OData/undercover-right/videos/20220426/073951.mp4,right,20220426,073951,17.91,67.0,1200,Validation
/data/i5O/i5OData/undercover-right/videos/20220426/075210.mp4,right,20220426,075210,17.91,67.0,1200,Test
/data/i5O/i5OData/undercover-right/videos/20220426/080428.mp4,right,20220426,080428,17.91,67.0,1200,Validation
/data/i5O/i5OData/undercover-right/videos/20220426/081753.mp4,right,20220426,081753,17.91,67.0,1200,Validation
/data/i5O/i5OData/undercover-right/videos/20220426/082755.mp4,right,20220426,082755,17.91,67.0,1200,Validation_unlabel
/data/i5O/i5OData/undercover-right/videos/20220426/083330.mp4,right,20220426,083330,17.91,67.0,1200,Validation_unlabel
/data/i5O/i5OData/undercover-right/videos/20220426/083437.mp4,right,20220426,083437,17.91,67.0,1200,Test
/data/i5O/i5OData/undercover-right/videos/20220426/084118.mp4,right,20220426,084118,17.91,67.0,1200,Validation
/data/i5O/i5OData/undercover-right/videos/20220426/093335.mp4,right,20220426,093335,17.91,67.0,1200,Validation
/data/i5O/i5OData/undercover-right/videos/20220426/093656.mp4,right,20220426,093656,17.91,67.0,1200,Validation
/data/i5O/i5OData/undercover-right/videos/20220426/100350.mp4,right,20220426,100350,17.91,67.0,1200,Validation
/data/i5O/i5OData/undercover-right/videos/20220426/100926.mp4,right,20220426,100926,17.65,68.0,1200,Test
/data/i5O/i5OData/undercover-right/videos/20220426/101610.mp4,right,20220426,101610,17.65,68.0,1200,Validation
/data/i5O/i5OData/undercover-right/videos/20220426/101933.mp4,right,20220426,101933,17.91,67.0,1200,Validation
/data/i5O/i5OData/undercover-right/videos/20220426/102509.mp4,right,20220426,102509,17.91,67.0,1200,Validation_unlabel
/data/i5O/i5OData/undercover-right/videos/20220426/104840.mp4,right,20220426,104840,17.91,67.0,1200,Validation_unlabel
/data/i5O/i5OData/undercover-right/videos/20220426/111211.mp4,right,20220426,111211,17.91,67.0,1200,Test
/data/i5O/i5OData/undercover-right/videos/20220426/111532.mp4,right,20220426,111532,17.91,67.0,1200,Validation
/data/i5O/i5OData/undercover-right/videos/20220426/112108.mp4,right,20220426,112108,17.91,67.0,1200,Validation
/data/i5O/i5OData/undercover-right/videos/20220426/112430.mp4,right,20220426,112430,17.91,67.0,1200,Validation
/data/i5O/i5OData/undercover-right/videos/20220426/122743.mp4,right,20220426,122743,17.65,68.0,1200,Validation
/data/i5O/i5OData/undercover-right/videos/20220426/124109.mp4,right,20220426,124109,17.91,67.0,1200,Test
/data/i5O/i5OData/undercover-right/videos/20220426/124538.mp4,right,20220426,124538,17.91,67.0,1200,Validation
/data/i5O/i5OData/undercover-right/videos/20220426/125113.mp4,right,20220426,125113,17.91,67.0,1200,Validation
/data/i5O/i5OData/undercover-right/videos/20220426/130117.mp4,right,20220426,130117,17.91,67.0,1200,Validation_unlabel
/data/i5O/i5OData/undercover-right/videos/20220426/130652.mp4,right,20220426,130652,17.91,67.0,1200,Validation_unlabel
/data/i5O/i5OData/undercover-right/videos/20220426/131548.mp4,right,20220426,131548,17.91,67.0,1200,Test
/data/i5O/i5OData/undercover-right/videos/20220426/135134.mp4,right,20220426,135134,17.91,67.0,1200,Validation
/data/i5O/i5OData/undercover-right/videos/20220426/135241.mp4,right,20220426,135241,17.91,67.0,1200,Validation
/data/i5O/i5OData/undercover-right/videos/20220426/140715.mp4,right,20220426,140715,17.91,67.0,1200,Validation
/data/i5O/i5OData/undercover-right/videos/20220426/141359.mp4,right,20220426,141359,17.91,67.0,1200,Validation
/data/i5O/i5OData/undercover-right/videos/20220427/224655.mp4,right,20220427,224655,17.91,67.0,1200,Test
/data/i5O/i5OData/undercover-right/videos/20220427/225230.mp4,right,20220427,225230,17.91,67.0,1200,Validation
/data/i5O/i5OData/undercover-right/videos/20220427/225912.mp4,right,20220427,225912,17.91,67.0,1200,Validation
/data/i5O/i5OData/undercover-right/videos/20220427/231704.mp4,right,20220427,231704,17.91,67.0,1200,Validation_unlabel
/data/i5O/i5OData/undercover-right/videos/20220427/232132.mp4,right,20220427,232132,17.91,67.0,1200,Validation_unlabel
/data/i5O/i5OData/undercover-right/videos/20220427/234605.mp4,right,20220427,234605,17.91,67.0,1200,Test
/data/i5O/i5OData/undercover-right/videos/20220513/094352.mp4,right,20220513,094352,9.23,65.01,600,Validation
/data/i5O/i5OData/undercover-right/videos/20220513/100847.mp4,right,20220513,100847,9.38,64.0,600,Validation
/data/i5O/i5OData/undercover-right/videos/20220513/101535.mp4,right,20220513,101535,9.09,66.01,600,Validation
/data/i5O/i5OData/undercover-right/videos/20220513/104306.mp4,right,20220513,104306,9.23,65.01,600,Validation
/data/i5O/i5OData/undercover-right/videos/20220513/110705.mp4,right,20220513,110705,9.23,65.01,600,Test
/data/i5O/i5OData/undercover-right/videos/20220513/124206.mp4,right,20220513,124206,8.96,67.0,600,Validation
/data/i5O/i5OData/undercover-right/videos/20220513/151227.mp4,right,20220513,151227,9.38,64.0,600,Validation
/data/i5O/i5OData/undercover-right/videos/20220513/154842.mp4,right,20220513,154842,8.82,68.0,600,Validation_unlabel
/data/i5O/i5OData/undercover-right/videos/20220513/160510.mp4,right,20220513,160510,9.23,65.01,600,Validation_unlabel
/data/i5O/i5OData/undercover-right/videos/20220513/171119.mp4,right,20220513,171119,8.7,69.0,600,Test
/data/i5O/i5OData/undercover-right/videos/20220516/081109.mp4,right,20220516,081109,8.82,68.0,600,Validation
/data/i5O/i5OData/undercover-right/videos/20220516/083232.mp4,right,20220516,083232,9.38,64.0,600,Validation
/data/i5O/i5OData/undercover-right/videos/20220516/083902.mp4,right,20220516,083902,8.82,68.0,600,Validation
/data/i5O/i5OData/undercover-right/videos/20220516/084654.mp4,right,20220516,084654,9.23,65.01,600,Validation
/data/i5O/i5OData/undercover-right/videos/20220516/101521.mp4,right,20220516,101521,8.96,67.0,600,Test
/data/i5O/i5OData/undercover-right/videos/20220516/103058.mp4,right,20220516,103058,8.82,68.0,600,Validation
/data/i5O/i5OData/undercover-right/videos/20220516/111744.mp4,right,20220516,111744,8.82,68.0,600,Validation
/data/i5O/i5OData/undercover-right/videos/20220516/111852.mp4,right,20220516,111852,9.38,64.0,600,Validation
/data/i5O/i5OData/undercover-right/videos/20220516/142018.mp4,right,20220516,142018,8.96,67.0,600,Validation
/data/i5O/i5OData/undercover-right/videos/20220516/143803.mp4,right,20220516,143803,8.82,68.0,600,Test
/data/i5O/i5OData/undercover-right/videos/20220517/084046.mp4,right,20220517,084046,8.96,67.0,600,Validation
/data/i5O/i5OData/undercover-right/videos/20220517/091705.mp4,right,20220517,091705,9.52,63.0,600,Validation
/data/i5O/i5OData/undercover-right/videos/20220517/094007.mp4,right,20220517,094007,8.96,67.0,600,Validation
/data/i5O/i5OData/undercover-right/videos/20220517/105146.mp4,right,20220517,105146,8.96,67.0,600,Validation
/data/i5O/i5OData/undercover-right/videos/20220517/112738.mp4,right,20220517,112738,8.57,70.0,600,Test
/data/i5O/i5OData/undercover-right/videos/20220517/121752.mp4,right,20220517,121752,8.82,68.0,600,Validation
/data/i5O/i5OData/undercover-right/videos/20220517/135758.mp4,right,20220517,135758,9.23,65.01,600,Validation
/data/i5O/i5OData/undercover-right/videos/20220517/141201.mp4,right,20220517,141201,8.7,69.0,600,Validation_unlabel
/data/i5O/i5OData/undercover-right/videos/20220517/141310.mp4,right,20220517,141310,9.68,62.0,600,Validation_unlabel
/data/i5O/i5OData/undercover-right/videos/20220517/142716.mp4,right,20220517,142716,8.96,67.0,600,Test
/data/i5O/i5OData/undercover-right/videos/20220517/153521.mp4,right,20220517,153521,9.52,63.0,600,Validation
/data/i5O/i5OData/undercover-right/videos/20220525/064819.mp4,right,20220525,064819,9.52,63.0,600,Validation
/data/i5O/i5OData/undercover-right/videos/20220525/071348.mp4,right,20220525,071348,8.7,69.0,600,Validation
/data/i5O/i5OData/undercover-right/videos/20220525/071457.mp4,right,20220525,071457,9.52,63.0,600,Validation
/data/i5O/i5OData/undercover-right/videos/20220525/093205.mp4,right,20220525,093205,8.96,67.0,600,Test
/data/i5O/i5OData/undercover-right/videos/20220525/095116.mp4,right,20220525,095116,9.38,64.0,600,Validation
/data/i5O/i5OData/undercover-right/videos/20220525/112214.mp4,right,20220525,112214,8.96,67.0,600,Validation
/data/i5O/i5OData/undercover-right/videos/20220525/121815.mp4,right,20220525,121815,9.52,63.0,600,Validation_unlabel
/data/i5O/i5OData/undercover-right/videos/20220525/122724.mp4,right,20220525,122724,9.52,63.0,600,Validation_unlabel
/data/i5O/i5OData/undercover-right/videos/20220525/131319.mp4,right,20220525,131319,9.38,64.0,600,Test
/data/i5O/i5OData/undercover-right/videos/20220525/135212.mp4,right,20220525,135212,8.82,68.0,600,Validation
/data/i5O/i5OData/undercover-right/videos/20220606/064540.mp4,right,20220606,064540,9.23,65.01,600,Validation
/data/i5O/i5OData/undercover-right/videos/20220606/072916.mp4,right,20220606,072916,9.09,66.01,600,Validation
/data/i5O/i5OData/undercover-right/videos/20220606/084635.mp4,right,20220606,084635,8.82,68.0,600,Validation
/data/i5O/i5OData/undercover-right/videos/20220606/091148.mp4,right,20220606,091148,9.23,65.01,600,Test
/data/i5O/i5OData/undercover-right/videos/20220606/103632.mp4,right,20220606,103632,9.09,66.01,600,Validation
/data/i5O/i5OData/undercover-right/videos/20220606/104524.mp4,right,20220606,104524,8.82,68.0,600,Validation
/data/i5O/i5OData/undercover-right/videos/20220606/121840.mp4,right,20220606,121840,8.96,67.0,600,Validation_unlabel
/data/i5O/i5OData/undercover-right/videos/20220606/123915.mp4,right,20220606,123915,9.09,66.01,600,Validation_unlabel
/data/i5O/i5OData/undercover-right/videos/20220606/125724.mp4,right,20220606,125724,8.96,67.0,600,Test
/data/i5O/i5OData/undercover-right/videos/20220606/131049.mp4,right,20220606,131049,9.23,65.01,600,Validation
/data/i5O/i5OData/undercover-right/videos/20220606/131837.mp4,right,20220606,131837,9.52,63.0,600,Validation
/data/i5O/i5OData/undercover-right/videos/20220607/064000.mp4,right,20220607,064000,8.96,67.0,600,Validation
/data/i5O/i5OData/undercover-right/videos/20220607/072432.mp4,right,20220607,072432,8.96,67.0,600,Validation
/data/i5O/i5OData/undercover-right/videos/20220607/074405.mp4,right,20220607,074405,8.57,70.0,600,Test
/data/i5O/i5OData/undercover-right/videos/20220607/075755.mp4,right,20220607,075755,9.23,65.01,600,Validation
/data/i5O/i5OData/undercover-right/videos/20220607/081813.mp4,right,20220607,081813,9.09,66.01,600,Validation
/data/i5O/i5OData/undercover-right/videos/20220607/084917.mp4,right,20220607,084917,9.09,66.01,600,Validation_unlabel
/data/i5O/i5OData/undercover-right/videos/20220607/092026.mp4,right,20220607,092026,9.09,66.01,600,Validation_unlabel
/data/i5O/i5OData/undercover-right/videos/20220607/094537.mp4,right,20220607,094537,9.38,64.0,600,Test
/data/i5O/i5OData/undercover-right/videos/20220607/100810.mp4,right,20220607,100810,9.09,66.01,600,Validation
/data/i5O/i5OData/undercover-right/videos/20220607/102153.mp4,right,20220607,102153,8.96,67.0,600,Validation
/data/i5O/i5OData/undercover-right/videos/20220608/080759.mp4,right,20220608,080759,9.23,65.01,600,Validation
/data/i5O/i5OData/undercover-right/videos/20220608/104552.mp4,right,20220608,104552,8.96,67.0,600,Validation
/data/i5O/i5OData/undercover-right/videos/20220608/110945.mp4,right,20220608,110945,8.82,68.0,600,Test
/data/i5O/i5OData/undercover-right/videos/20220608/112008.mp4,right,20220608,112008,8.7,69.0,600,Validation
/data/i5O/i5OData/undercover-right/videos/20220608/112117.mp4,right,20220608,112117,9.23,65.01,600,Validation
/data/i5O/i5OData/undercover-right/videos/20220608/123017.mp4,right,20220608,123017,9.23,65.01,600,Validation_unlabel
/data/i5O/i5OData/undercover-right/videos/20220608/125239.mp4,right,20220608,125239,8.7,69.0,600,Validation_unlabel
/data/i5O/i5OData/undercover-right/videos/20220608/131142.mp4,right,20220608,131142,9.09,66.01,600,Test
/data/i5O/i5OData/undercover-right/videos/20220608/135940.mp4,right,20220608,135940,8.82,68.0,600,Validation
/data/i5O/i5OData/undercover-right/videos/20220608/144617.mp4,right,20220608,144617,9.23,65.01,600,Validation
/data/i5O/i5OData/undercover-right/videos/20220608/170839.mp4,right,20220608,170839,8.82,68.0,600,Validation
/data/i5O/i5OData/undercover-right/videos/20220613/064715.mp4,right,20220613,064715,9.09,66.01,600,Validation
/data/i5O/i5OData/undercover-right/videos/20220613/073927.mp4,right,20220613,073927,9.09,66.01,600,Test
/data/i5O/i5OData/undercover-right/videos/20220613/075203.mp4,right,20220613,075203,8.82,68.0,600,Validation
/data/i5O/i5OData/undercover-right/videos/20220613/082922.mp4,right,20220613,082922,8.96,67.0,600,Validation
/data/i5O/i5OData/undercover-right/videos/20220613/091033.mp4,right,20220613,091033,9.09,66.01,600,Validation
/data/i5O/i5OData/undercover-right/videos/20220613/111708.mp4,right,20220613,111708,8.45,71.01,600,Validation
/data/i5O/i5OData/undercover-right/videos/20220613/124356.mp4,right,20220613,124356,8.96,67.0,600,Test
/data/i5O/i5OData/undercover-right/videos/20220613/125410.mp4,right,20220613,125410,8.57,70.0,600,Validation
/data/i5O/i5OData/undercover-right/videos/20220613/135834.mp4,right,20220613,135834,9.09,66.01,600,Validation
/data/i5O/i5OData/undercover-right/videos/20220613/142112.mp4,right,20220613,142112,9.09,66.01,600,Validation
/data/i5O/i5OData/undercover-right/videos/20220613/151421.mp4,right,20220613,151421,8.57,70.0,600,Validation
/data/i5O/i5OData/undercover-right/videos/20230315/065805.mp4,right,20230315,065805,57.33,60.0,3440,Test
/data/i5O/i5OData/undercover-right/videos/20230315/080221.mp4,right,20230315,080221,46.98,60.0,2819,Validation
/data/i5O/i5OData/undercover-right/videos/20230315/080721.mp4,right,20230315,080721,46.2,61.0,2818,Validation
/data/i5O/i5OData/undercover-right/videos/20230315/084222.mp4,right,20230315,084222,47.45,60.0,2847,Validation_unlabel
/data/i5O/i5OData/undercover-right/videos/20230315/150925.mp4,right,20230315,150925,47.27,60.0,2836,Validation_unlabel
/data/i5O/i5OData/undercover-right/videos/20230315/154826.mp4,right,20230315,154826,47.37,60.0,2842,Test
/data/i5O/i5OData/undercover-right/videos/20230315/192128.mp4,right,20230315,192128,46.4,60.0,2784,Validation
/data/i5O/i5OData/undercover-right/videos/20230315/215030.mp4,right,20230315,215030,46.27,60.0,2776,Validation
/data/i5O/i5OData/undercover-right/videos/20230315/221030.mp4,right,20230315,221030,46.1,60.0,2766,Validation
/data/i5O/i5OData/undercover-right/videos/20230315/234231.mp4,right,20230315,234231,45.55,60.0,2733,Validation
/data/i5O/i5OData/undercover-right/videos/20230316/012731.mp4,right,20230316,012731,45.58,60.0,2735,Test
/data/i5O/i5OData/undercover-right/videos/20230316/015131.mp4,right,20230316,015131,44.75,60.0,2685,Validation
/data/i5O/i5OData/undercover-right/videos/20230316/073035.mp4,right,20230316,073035,45.13,60.0,2708,Validation
/data/i5O/i5OData/undercover-right/videos/20230316/084636.mp4,right,20230316,084636,45.57,60.0,2734,Validation_unlabel
/data/i5O/i5OData/undercover-right/videos/20230316/093936.mp4,right,20230316,093936,45.57,60.0,2734,Validation_unlabel
/data/i5O/i5OData/undercover-right/videos/20230316/100037.mp4,right,20230316,100037,45.3,60.0,2718,Test
/data/i5O/i5OData/undercover-right/videos/20230316/100437.mp4,right,20230316,100437,45.25,60.0,2715,Validation
/data/i5O/i5OData/undercover-right/videos/20230316/102937.mp4,right,20230316,102937,45.07,60.0,2704,Validation
/data/i5O/i5OData/undercover-right/videos/20230320/070432.mp4,right,20230320,070432,47.35,60.0,2841,Validation
/data/i5O/i5OData/undercover-right/videos/20230320/071732.mp4,right,20230320,071732,48.0,60.0,2880,Validation
/data/i5O/i5OData/undercover-right/videos/20230320/075832.mp4,right,20230320,075832,46.4,60.0,2784,Test
/data/i5O/i5OData/undercover-right/videos/20230320/092134.mp4,right,20230320,092134,47.6,60.0,2856,Validation
/data/i5O/i5OData/undercover-right/videos/20230320/100834.mp4,right,20230320,100834,47.0,60.0,2820,Validation
/data/i5O/i5OData/undercover-right/videos/20230320/122536.mp4,right,20230320,122536,46.78,60.0,2807,Validation_unlabel
/data/i5O/i5OData/undercover-right/videos/20230320/125436.mp4,right,20230320,125436,46.33,60.0,2780,Validation_unlabel
/data/i5O/i5OData/undercover-right/videos/20230320/130136.mp4,right,20230320,130136,46.3,60.0,2778,Test
/data/i5O/i5OData/undercover-right/videos/20230320/131136.mp4,right,20230320,131136,46.42,60.0,2785,Validation
/data/i5O/i5OData/undercover-right/videos/20230320/131636.mp4,right,20230320,131636,46.62,60.0,2797,Validation
/data/i5O/i5OData/undercover-right/videos/20230320/141436.mp4,right,20230320,141436,48.1,60.0,2886,Validation
/data/i5O/i5OData/undercover-right/videos/20230320/144036.mp4,right,20230320,144036,46.93,60.0,2816,Validation
/data/i5O/i5OData/undercover-right/videos/20230320/153137.mp4,right,20230320,153137,47.95,60.0,2877,Test
/data/i5O/i5OData/undercover-right/videos/20230320/160137.mp4,right,20230320,160137,46.47,60.0,2788,Validation
/data/i5O/i5OData/undercover-right/videos/20230320/161537.mp4,right,20230320,161537,46.6,60.0,2796,Validation
/data/i5O/i5OData/undercover-right/videos/20230320/161937.mp4,right,20230320,161937,46.15,60.0,2769,Validation_unlabel
/data/i5O/i5OData/undercover-right/videos/20230320/165137.mp4,right,20230320,165137,46.27,60.0,2776,Validation_unlabel
/data/i5O/i5OData/undercover-right/videos/20230320/171037.mp4,right,20230320,171037,46.6,60.0,2796,Test
/data/i5O/i5OData/undercover-right/videos/20230320/172137.mp4,right,20230320,172137,46.58,60.0,2795,Validation
/data/i5O/i5OData/undercover-right/videos/20230320/175738.mp4,right,20230320,175738,46.63,60.0,2798,Validation
/data/i5O/i5OData/undercover-right/videos/20230320/185539.mp4,right,20230320,185539,47.63,60.0,2858,Validation
/data/i5O/i5OData/undercover-right/videos/20230320/191639.mp4,right,20230320,191639,47.02,60.0,2821,Validation
/data/i5O/i5OData/undercover-right/videos/20230320/195240.mp4,right,20230320,195240,46.22,60.0,2773,Test
/data/i5O/i5OData/undercover-right/videos/20230320/203640.mp4,right,20230320,203640,47.88,60.0,2873,Validation
/data/i5O/i5OData/undercover-right/videos/20230323/070709.mp4,right,20230323,070709,46.63,60.0,2798,Validation
/data/i5O/i5OData/undercover-right/videos/20230323/080809.mp4,right,20230323,080809,47.15,60.0,2829,Validation_unlabel
/data/i5O/i5OData/undercover-right/videos/20230323/090602.mp4,right,20230323,090602,28.98,60.0,1739,Validation_unlabel
/data/i5O/i5OData/undercover-right/videos/20230323/091202.mp4,right,20230323,091202,28.57,60.0,1714,Test
/data/i5O/i5OData/undercover-right/videos/20230323/095003.mp4,right,20230323,095003,29.35,60.0,1761,Validation
/data/i5O/i5OData/undercover-right/videos/20230323/101103.mp4,right,20230323,101103,29.22,60.0,1753,Validation
/data/i5O/i5OData/undercover-right/videos/20230323/101704.mp4,right,20230323,101704,29.58,60.0,1775,Validation
/data/i5O/i5OData/undercover-right/videos/20230323/103704.mp4,right,20230323,103704,29.15,60.0,1749,Validation
/data/i5O/i5OData/undercover-right/videos/20230328/000823.mp4,right,20230328,000823,28.85,60.0,1731,Test
/data/i5O/i5OData/undercover-right/videos/20230328/003824.mp4,right,20230328,003824,28.0,60.0,1680,Validation
/data/i5O/i5OData/undercover-right/videos/20230328/010124.mp4,right,20230328,010124,28.1,60.0,1686,Validation
/data/i5O/i5OData/undercover-right/videos/20230328/073629.mp4,right,20230328,073629,25.35,60.0,1521,Validation
/data/i5O/i5OData/undercover-right/videos/20230328/080930.mp4,right,20230328,080930,27.9,60.0,1674,Validation
/data/i5O/i5OData/undercover-right/videos/20230328/083431.mp4,right,20230328,083431,27.93,60.0,1676,Test
/data/i5O/i5OData/undercover-right/videos/20230328/085131.mp4,right,20230328,085131,29.15,60.0,1749,Validation
/data/i5O/i5OData/undercover-right/videos/20230328/091632.mp4,right,20230328,091632,28.75,60.0,1725,Validation
/data/i5O/i5OData/undercover-right/videos/20230328/092232.mp4,right,20230328,092232,25.0,60.0,1500,Validation
/data/i5O/i5OData/undercover-right/videos/20230328/092832.mp4,right,20230328,092832,28.93,60.0,1736,Validation
/data/i5O/i5OData/undercover-right/videos/20230328/112534.mp4,right,20230328,112534,27.25,60.0,1635,Test
/data/i5O/i5OData/undercover-right/videos/20230328/131136.mp4,right,20230328,131136,26.42,60.0,1585,Validation
/data/i5O/i5OData/undercover-right/videos/20230328/144837.mp4,right,20230328,144837,25.68,60.0,1541,Validation
/data/i5O/i5OData/undercover-right/videos/20230328/174040.mp4,right,20230328,174040,27.77,60.0,1666,Validation_unlabel
/data/i5O/i5OData/undercover-right/videos/20230328/175941.mp4,right,20230328,175941,26.03,60.0,1562,Validation_unlabel
/data/i5O/i5OData/undercover-right/videos/20230328/182641.mp4,right,20230328,182641,27.93,60.0,1676,Test
/data/i5O/i5OData/undercover-right/videos/20230328/202243.mp4,right,20230328,202243,25.73,60.0,1544,Validation
/data/i5O/i5OData/undercover-right/videos/20230328/202743.mp4,right,20230328,202743,25.3,60.0,1518,Validation
/data/i5O/i5OData/undercover-right/videos/20230328/203143.mp4,right,20230328,203143,27.92,60.0,1675,Validation
/data/i5O/i5OData/undercover-right/videos/20230328/220302.mp4,right,20230328,220302,19.73,60.0,1184,Validation
/data/i5O/i5OData/undercover-right/videos/20230328/233304.mp4,right,20230328,233304,19.67,60.0,1180,Test
/data/i5O/i5OData/undercover-right/videos/20230403/083654.mp4,right,20230403,083654,23.9,60.0,1434,Validation
/data/i5O/i5OData/undercover-right/videos/20230403/084354.mp4,right,20230403,084354,25.22,60.0,1513,Validation
/data/i5O/i5OData/undercover-right/videos/20230403/090654.mp4,right,20230403,090654,25.33,60.0,1520,Validation_unlabel
/data/i5O/i5OData/undercover-right/videos/20230403/091755.mp4,right,20230403,091755,24.38,60.0,1463,Validation_unlabel
/data/i5O/i5OData/undercover-right/videos/20230403/095356.mp4,right,20230403,095356,24.97,60.0,1498,Test
/data/i5O/i5OData/undercover-right/videos/20230403/100156.mp4,right,20230403,100156,24.1,60.0,1446,Validation
/data/i5O/i5OData/undercover-right/videos/20230403/101757.mp4,right,20230403,101757,25.2,60.0,1512,Validation
/data/i5O/i5OData/undercover-right/videos/20230403/102157.mp4,right,20230403,102157,24.97,60.0,1498,Validation
/data/i5O/i5OData/undercover-right/videos/20230403/105158.mp4,right,20230403,105158,24.17,60.0,1450,Validation
/data/i5O/i5OData/undercover-right/videos/20230406/092341.mp4,right,20230406,092341,21.38,60.0,1283,Test
/data/i5O/i5OData/undercover-right/videos/20230406/093041.mp4,right,20230406,093041,21.23,60.0,1274,Validation
/data/i5O/i5OData/undercover-right/videos/20230406/100242.mp4,right,20230406,100242,22.17,60.0,1330,Validation
/data/i5O/i5OData/undercover-right/videos/20230406/102442.mp4,right,20230406,102442,22.18,60.0,1331,Validation_unlabel
/data/i5O/i5OData/undercover-right/videos/20230406/104543.mp4,right,20230406,104543,21.9,60.0,1314,Validation_unlabel
/data/i5O/i5OData/undercover-right/videos/20230406/111444.mp4,right,20230406,111444,22.27,60.0,1336,Test
/data/i5O/i5OData/undercover-right/videos/20230406/121545.mp4,right,20230406,121545,21.28,60.0,1277,Validation
/data/i5O/i5OData/undercover-right/videos/20230406/122746.mp4,right,20230406,122746,21.6,60.0,1296,Validation
/data/i5O/i5OData/undercover-right/videos/20230406/123546.mp4,right,20230406,123546,22.08,60.0,1325,Validation
/data/i5O/i5OData/undercover-right/videos/20230406/130647.mp4,right,20230406,130647,21.78,60.0,1307,Validation
